Hello Arbitrage Trading BotADA,SELL,LIMIT,IOC,17616,0.55660,None,FILLED,3470,17616,1750712378119,9805.0656
BCH,SELL,LIMIT,IOC,21.610,451.35,None,FILLED,0.644,21.610,1750712378119,9753.6735
XRP,SELL,LIMIT,IOC,4757.2,2.0637,None,FILLED,1409.6,4757.2,1750712378119,9817.43364
IOTA,SELL,LIMIT,IOC,31873.4,0.1549,None,FILLED,2150.6,31873.4,1750712378119,4937.189660000001
SUI,SELL,LIMIT,IOC,5214.6,2.687200,None,FILLED,41.1,5214.6,1750712378119,14012.67312
XMR,SELL,LIMIT,IOC,16.380,301.83,None,FILLED,1.030,16.380,1750712378119,4943.975399999999
SUI,SELL,LIMIT,IOC,94.0,2.686400,None,FILLED,94.0,94.0,1750712379484,252.52159999999998
BID,BUY,LIMIT,IOC,3172,0.1314300,None,FILLED,1940,3172,1750712382035,416.89595999999995
BTC,BUY,LIMIT,IOC,0.010,104083.00,None,FILLED,0.001,0.010,1750712382035,1040.83
SUI,SELL,LIMIT,IOC,26.1,2.684800,None,FILLED,26.1,26.1,1750712385525,70.07328000000001
FUN,BUY,LIMIT,IOC,8000,0.0102000,None,FILLED,8000,8000,1750712387207,81.60000000000001
LQTY,SELL,LIMIT,IOC,1844.2,1.379500,None,FILLED,31.2,1844.2,1750712390482,2544.0739
LQTY,SELL,LIMIT,IOC,12.7,1.379200,None,FILLED,12.7,12.7,1750712391483,17.515839999999997
XRP,SELL,LIMIT,IOC,2.8,2.0628,None,FILLED,2.8,2.8,1750712392324,5.7758400000000005
BID,BUY,LIMIT,IOC,19842,0.1316100,None,FILLED,66,19842,1750712393490,2611.40562
FUN,BUY,LIMIT,IOC,8804,0.0102030,None,FILLED,4221,8804,1750712403093,89.827212
1000PEPE,BUY,LIMIT,IOC,45260,0.0095619,None,FILLED,45260,45260,1750712403108,432.771594
1000PEPE,BUY,LIMIT,IOC,4186,0.0095671,None,FILLED,4186,4186,1750712404525,40.0478806
VIRTUAL,BUY,LIMIT,IOC,247.5,1.6351000,None,FILLED,230.4,247.5,1750712405348,404.68725
1000PEPE,BUY,LIMIT,IOC,38992,0.0095766,None,FILLED,38992,38992,1750712419440,373.41078719999996
FARTCOIN,BUY,LIMIT,IOC,568.1,1.0084000,None,FILLED,568.1,568.1,1750712421249,572.87204
1000PEPE,BUY,LIMIT,IOC,2094874,0.0095782,None,FILLED,70732,2094874,1750712421299,20065.1221468
SPK,BUY,LIMIT,IOC,6416,0.0497900,None,FILLED,6416,6416,1750712436415,319.45264000000003
SPK,BUY,LIMIT,IOC,782,0.0499100,None,FILLED,161,782,1750712447434,39.02962
PROM,BUY,LIMIT,IOC,115.7,4.2330000,None,FILLED,67.9,115.7,1750712449185,489.75809999999996
MUBARAK,BUY,LIMIT,IOC,3056,0.0343600,None,FILLED,3056,3056,1750712454560,105.00416
DUSK,BUY,LIMIT,IOC,131,0.05013,None,FILLED,131,131,1750712454592,6.56703
EGLD,BUY,LIMIT,IOC,39.5,13.337,None,FILLED,3.7,39.5,1750712456396,526.8115
1000PEPE,BUY,LIMIT,IOC,15407,0.0095914,None,FILLED,15407,15407,1750712456547,147.7746998
EGLD,BUY,LIMIT,IOC,1.0,13.344,None,FILLED,1.0,1.0,1750712464477,13.344
COOKIE,BUY,LIMIT,IOC,18936,0.1772000,None,FILLED,2022,18936,1750712469319,3355.4592
SIREN,BUY,LIMIT,IOC,132,0.0461600,None,FILLED,132,132,1750712473195,6.09312
AERGO,BUY,LIMIT,IOC,255,0.1265100,None,FILLED,255,255,1750712487606,32.26005
AERGO,BUY,LIMIT,IOC,359,0.1267300,None,FILLED,359,359,1750712501079,45.49607
IP,BUY,LIMIT,IOC,125.6,3.229740,None,FILLED,94.4,125.6,1750712510368,405.655344
FUN,SELL,LIMIT,IOC,2994,0.0098210,None,FILLED,1519,2994,1750712513133,29.404074
SWELL,BUY,LIMIT,IOC,163276,0.0085100,None,FILLED,58530,163276,1750712513232,1389.47876
SPK,BUY,LIMIT,IOC,765,0.0500100,None,FILLED,765,765,1750712519509,38.25765
SXT,BUY,LIMIT,IOC,554,0.0705800,None,FILLED,554,554,1750712522081,39.10132
CETUS,BUY,LIMIT,IOC,950,0.0942200,None,FILLED,102,950,1750712522132,89.509
ETH,BUY,LIMIT,IOC,4.970,2361.06,None,FILLED,2.070,4.970,1750712523075,11734.4682
BANANAS31,BUY,LIMIT,IOC,1396,0.0090298,None,FILLED,1396,1396,1750712524001,12.6056008
BTC,BUY,LIMIT,IOC,0.003,104241.90,None,FILLED,0.003,0.003,1750712524001,312.72569999999996
BANANAS31,BUY,LIMIT,IOC,44157,0.0090360,None,FILLED,26659,44157,1750712525128,399.002652
MERL,BUY,LIMIT,IOC,6340,0.0814400,None,FILLED,1423,6340,1750712526603,516.3296
LQTY,SELL,LIMIT,IOC,1921.8,1.375300,None,FILLED,71.3,1921.8,1750712527418,2643.05154
ETH,BUY,LIMIT,IOC,62.603,2361.60,None,FILLED,8.367,62.603,1750712527483,147843.2448
LQTY,SELL,LIMIT,IOC,73.3,1.371600,None,FILLED,73.3,73.3,1750712529042,100.53827999999999
BANANAS31,BUY,LIMIT,IOC,25349,0.0090400,None,FILLED,25349,25349,1750712529089,229.15496
WLD,BUY,LIMIT,IOC,205,0.8974000,None,FILLED,205,205,1750712536226,183.96699999999998
FUN,SELL,LIMIT,IOC,273717,0.0097760,None,FILLED,38311,273717,1750712541173,2675.857392
HAEDAL,BUY,LIMIT,IOC,42,0.1359250,None,FILLED,42,42,1750712541256,5.70885
LQTY,SELL,LIMIT,IOC,9.2,1.371300,None,FILLED,9.2,9.2,1750712541327,12.61596
HBAR,BUY,LIMIT,IOC,932,0.14758,None,FILLED,932,932,1750712544489,137.54456
LPT,BUY,LIMIT,IOC,0.1,5.957,None,FILLED,0.1,0.1,1750712546311,0.5957
SEI,BUY,LIMIT,IOC,30,0.2304000,None,FILLED,30,30,1750712547263,6.912
LINK,BUY,LIMIT,IOC,115.95,12.484,None,FILLED,115.95,115.95,1750712548624,1447.5198
PONKE,BUY,LIMIT,IOC,121,0.1113100,None,FILLED,121,121,1750712551340,13.46851
SXT,BUY,LIMIT,IOC,16129,0.0716600,None,FILLED,1276,16129,1750712554334,1155.80414
FUN,SELL,LIMIT,IOC,749,0.0097690,None,FILLED,749,749,1750712559135,7.316981
BANANAS31,BUY,LIMIT,IOC,322802,0.0090800,None,FILLED,23871,322802,1750712561230,2931.04216
RVN,BUY,LIMIT,IOC,67253,0.01550,None,FILLED,62012,67253,1750712573162,1042.4215
TRU,BUY,LIMIT,IOC,226,0.0291300,None,FILLED,226,226,1750712574293,6.58338
MYX,SELL,LIMIT,IOC,3570,0.0857900,None,FILLED,276,3570,1750712579170,306.2703
MYX,SELL,LIMIT,IOC,154,0.0857719,None,FILLED,154,154,1750712580199,13.2088726
LQTY,SELL,LIMIT,IOC,4.2,1.370000,None,FILLED,4.2,4.2,1750712580399,5.7540000000000004
MYX,SELL,LIMIT,IOC,171,0.0857400,None,FILLED,171,171,1750712583094,14.661539999999999
MYX,SELL,LIMIT,IOC,474,0.0857000,None,FILLED,454,474,1750712584539,40.6218
LA,BUY,LIMIT,IOC,6791.7,0.565000,None,FILLED,3756.3,6791.7,1750712592081,3837.3104999999996
LQTY,SELL,LIMIT,IOC,314.7,1.365700,None,FILLED,112.4,314.7,1750712602585,429.78578999999996
LQTY,SELL,LIMIT,IOC,7.6,1.365100,None,FILLED,7.6,7.6,1750712609132,10.37476
BANANAS31,SELL,LIMIT,IOC,80982,0.0088490,None,FILLED,6967,80982,1750712612445,716.6097179999999
LAYER,SELL,LIMIT,IOC,36.5,0.723200,None,FILLED,36.5,36.5,1750712623568,26.3968
LISTA,BUY,LIMIT,IOC,1078,0.2144000,None,FILLED,972,1078,1750712624609,231.1232
LQTY,SELL,LIMIT,IOC,62.0,1.355558,None,FILLED,62.0,62.0,1750712624811,84.044596
LISTA,BUY,LIMIT,IOC,1989,0.2144000,None,FILLED,437,1989,1750712650078,426.4416
EIGEN,SELL,LIMIT,IOC,46.6,1.0997000,None,FILLED,46.6,46.6,1750712655389,51.246019999999994
LQTY,SELL,LIMIT,IOC,312.0,1.353400,None,FILLED,312.0,312.0,1750712662132,422.26079999999996
MKR,SELL,LIMIT,IOC,0.009,1985.90,None,FILLED,0.004,0.009,1750712665299,17.8731
FUN,BUY,LIMIT,IOC,46612,0.0101270,None,FILLED,8418,46612,1750712668405,472.03972400000004
MOODENG,SELL,LIMIT,IOC,533,0.1449400,None,FILLED,211,533,1750712676335,77.25302
1000CAT,SELL,LIMIT,IOC,2462,0.0062730,None,FILLED,2462,2462,1750712686295,15.444126
ZKJ,SELL,LIMIT,IOC,6420.5,0.239700,None,FILLED,846.2,6420.5,1750712702244,1538.99385
YFI,BUY,LIMIT,IOC,1.747,5004.0,None,FILLED,0.033,1.747,1750712702245,8741.988000000001
MYRO,SELL,LIMIT,IOC,73170,0.0163000,None,FILLED,5948,73170,1750712702245,1192.6709999999998
ETHFI,SELL,LIMIT,IOC,1316.2,0.9249000,None,FILLED,191.0,1316.2,1750712702245,1217.35338
SUSHI,SELL,LIMIT,IOC,6498,0.5883,None,FILLED,1208,6498,1750712702245,3822.7734000000005
SNX,BUY,LIMIT,IOC,7797.2,0.545,None,FILLED,411.9,7797.2,1750712702245,4249.474
KAVA,BUY,LIMIT,IOC,3558.4,0.4287,None,FILLED,148.9,3558.4,1750712702245,1525.4860800000001
BCH,SELL,LIMIT,IOC,1.679,452.07,None,FILLED,0.038,1.679,1750712702245,759.02553
AVAX,BUY,LIMIT,IOC,36,17.6820,None,FILLED,20,36,1750712702245,636.5519999999999
COMP,BUY,LIMIT,IOC,13.189,47.69,None,FILLED,4.685,13.189,1750712702245,628.9834099999999
DOGE,BUY,LIMIT,IOC,3864,0.160040,None,FILLED,1093,3864,1750712702245,618.39456
TRX,SELL,LIMIT,IOC,2181,0.27138,None,FILLED,985,2181,1750712702245,591.87978
ZIL,BUY,LIMIT,IOC,55555,0.01071,None,FILLED,3760,55555,1750712702245,594.99405
XTZ,BUY,LIMIT,IOC,1127.8,0.525,None,FILLED,532.1,1127.8,1750712702245,592.095
TOKEN,BUY,LIMIT,IOC,42537,0.0138000,None,FILLED,12767,42537,1750712702245,587.0106
BAT,BUY,LIMIT,IOC,4819.2,0.1213,None,FILLED,1964.2,4819.2,1750712702245,584.56896
XLM,BUY,LIMIT,IOC,2403,0.24048,None,FILLED,72,2403,1750712702245,577.87344
LINK,BUY,LIMIT,IOC,45.82,12.448,None,FILLED,45.82,45.82,1750712702245,570.3673600000001
THETA,BUY,LIMIT,IOC,876.1,0.6539,None,FILLED,305.4,876.1,1750712702245,572.88179
KSM,BUY,LIMIT,IOC,41.3,13.832,None,FILLED,1.0,41.3,1750712702245,571.2616
KNC,BUY,LIMIT,IOC,1886,0.30280,None,FILLED,10,1886,1750712702245,571.0808000000001
AIOT,SELL,LIMIT,IOC,31,0.1511300,None,FILLED,31,31,1750712702245,4.685029999999999
BID,SELL,LIMIT,IOC,1970,0.1268700,None,FILLED,1853,1970,1750712723269,249.93390000000002
MYX,SELL,LIMIT,IOC,203251,0.0850600,None,FILLED,751,203251,1750712724078,17288.53006
MYX,SELL,LIMIT,IOC,35971,0.0853900,None,FILLED,3339,35971,1750712726084,3071.56369
VOXEL,SELL,LIMIT,IOC,3000,0.0462200,None,FILLED,314,3000,1750712726193,138.66
MYX,SELL,LIMIT,IOC,1138,0.0851800,None,FILLED,1138,1138,1750712727091,96.93484000000001
MYX,SELL,LIMIT,IOC,2628,0.0850700,None,FILLED,413,2628,1750712729214,223.56396
MYX,SELL,LIMIT,IOC,2594,0.0850300,None,FILLED,679,2594,1750712731107,220.56781999999998
SXT,BUY,LIMIT,IOC,141,0.0720600,None,FILLED,141,141,1750712734486,10.16046
FARTCOIN,BUY,LIMIT,IOC,4522.1,1.0067000,None,FILLED,785.1,4522.1,1750712739271,4552.39807
USTC,BUY,LIMIT,IOC,154786,0.0124610,None,FILLED,1298,154786,1750712757195,1928.788346
KAS,BUY,LIMIT,IOC,6266,0.0728200,None,FILLED,1109,6266,1750712769445,456.29012
FET,SELL,LIMIT,IOC,7766,0.6353000,None,FILLED,468,7766,1750712773539,4933.739799999999
BANANA,SELL,LIMIT,IOC,1.3,16.1310000,None,FILLED,0.7,1.3,1750712783290,20.9703
MKR,SELL,LIMIT,IOC,9.829,1979.00,None,FILLED,1.135,9.829,1750712788090,19451.591
SUI,SELL,LIMIT,IOC,793.7,2.681200,None,FILLED,442.1,793.7,1750712788090,2128.06844
BMT,SELL,LIMIT,IOC,826,0.1379000,None,FILLED,593,826,1750712806066,113.9054
TURBO,SELL,LIMIT,IOC,145408,0.0033853,None,FILLED,82390,145408,1750712809702,492.2497024
PNUT,SELL,LIMIT,IOC,4729,0.2089300,None,FILLED,1433,4729,1750712809702,988.02997
MOODENG,SELL,LIMIT,IOC,3434,0.1448300,None,FILLED,1327,3434,1750712809702,497.34621999999996
COMP,SELL,LIMIT,IOC,42.643,46.63,None,FILLED,4.798,42.643,1750712809702,1988.4430900000002
HIPPO,SELL,LIMIT,IOC,27548,0.0016730,None,FILLED,20670,27548,1750712816430,46.087804
FET,SELL,LIMIT,IOC,500,0.6340000,None,FILLED,447,500,1750712817402,317.0
BID,SELL,LIMIT,IOC,2335,0.1264900,None,FILLED,186,2335,1750712830314,295.35415
SXT,BUY,LIMIT,IOC,1969,0.0725400,None,FILLED,1073,1969,1750712837468,142.83126
SWELL,BUY,LIMIT,IOC,2500,0.0085600,None,FILLED,1026,2500,1750712838127,21.4
AERO,SELL,LIMIT,IOC,377.9,0.8209000,None,FILLED,158.2,377.9,1750712847282,310.21810999999997
SXT,BUY,LIMIT,IOC,4473,0.0730300,None,FILLED,3327,4473,1750712850762,326.66319
AERGO,BUY,LIMIT,IOC,57,0.1285300,None,FILLED,57,57,1750712856623,7.3262100000000006
DOGE,SELL,LIMIT,IOC,210,0.157450,None,FILLED,210,210,1750712864406,33.0645
SEI,SELL,LIMIT,IOC,1821,0.2247000,None,FILLED,996,1821,1750712865164,409.1787
HAEDAL,BUY,LIMIT,IOC,11015,0.1354020,None,FILLED,309,11015,1750712865883,1491.45303
DOGE,SELL,LIMIT,IOC,2128,0.157420,None,FILLED,2128,2128,1750712866076,334.98976
SUI,SELL,LIMIT,IOC,300.0,2.671700,None,FILLED,300.0,300.0,1750712866310,801.51
AERGO,BUY,LIMIT,IOC,5477,0.1290500,None,FILLED,58,5477,1750712868111,706.8068499999999
AERGO,BUY,LIMIT,IOC,79,0.1292700,None,FILLED,79,79,1750712869369,10.21233
LDO,SELL,LIMIT,IOC,718,0.681900,None,FILLED,718,718,1750712869595,489.6042
AERGO,BUY,LIMIT,IOC,15102,0.1293400,None,FILLED,755,15102,1750712871500,1953.2926800000002
AERGO,BUY,LIMIT,IOC,3366,0.1297300,None,FILLED,2023,3366,1750712875413,436.67118000000005
BCH,BUY,LIMIT,IOC,0.695,455.51,None,FILLED,0.307,0.695,1750712875413,316.57944999999995
TAO,SELL,LIMIT,IOC,0.030,331.28,None,FILLED,0.030,0.030,1750712877964,9.9384
AERGO,BUY,LIMIT,IOC,1335,0.1300400,None,FILLED,585,1335,1750712883090,173.6034
SIREN,SELL,LIMIT,IOC,11979,0.0444600,None,FILLED,1392,11979,1750712892492,532.58634
TAO,SELL,LIMIT,IOC,17.872,330.64,None,FILLED,0.025,17.872,1750712893344,5909.19808
VIRTUAL,SELL,LIMIT,IOC,21.9,1.5978000,None,FILLED,21.9,21.9,1750712894469,34.99182
SUI,SELL,LIMIT,IOC,2188.3,2.670700,None,FILLED,417.8,2188.3,1750712894553,5844.292810000001
FUN,BUY,LIMIT,IOC,161257,0.0101570,None,FILLED,8114,161257,1750712894553,1637.8873489999999
ETH,SELL,LIMIT,IOC,1.392,2336.76,None,FILLED,1.392,1.392,1750712894553,3252.76992
SIREN,SELL,LIMIT,IOC,19600,0.0444200,None,FILLED,366,19600,1750712895250,870.6320000000001
SIREN,SELL,LIMIT,IOC,3855,0.0443600,None,FILLED,1359,3855,1750712896322,171.00779999999997
DYDX,SELL,LIMIT,IOC,38.9,0.468,None,FILLED,38.9,38.9,1750712899058,18.2052
DOGE,SELL,LIMIT,IOC,757,0.157300,None,FILLED,757,757,1750712899266,119.0761
SIREN,SELL,LIMIT,IOC,1498,0.0443500,None,FILLED,1498,1498,1750712899466,66.4363
AERGO,BUY,LIMIT,IOC,200,0.1311100,None,FILLED,200,200,1750712913115,26.222
AERGO,BUY,LIMIT,IOC,20000,0.1313400,None,FILLED,672,20000,1750712918361,2626.8
SUI,BUY,LIMIT,IOC,1500.0,2.727600,None,FILLED,739.1,1500.0,1750712918361,4091.3999999999996
SOL,SELL,LIMIT,IOC,5.00,139.9600,None,FILLED,5.00,5.00,1750712918361,699.8000000000001
XLM,SELL,LIMIT,IOC,1000,0.23538,None,FILLED,1000,1000,1750712918361,235.38
FUN,BUY,LIMIT,IOC,1000,0.0101470,None,FILLED,1000,1000,1750712918361,10.147
SYRUP,BUY,LIMIT,IOC,6000,0.4905300,None,FILLED,567,6000,1750712918361,2943.1800000000003
BTC,SELL,LIMIT,IOC,0.020,103292.00,None,FILLED,0.020,0.020,1750712918361,2065.84
AERGO,BUY,LIMIT,IOC,45340,0.1315200,None,FILLED,3954,45340,1750712922076,5963.1168
AIXBT,SELL,LIMIT,IOC,11971,0.1336100,None,FILLED,426,11971,1750712927137,1599.44531
AERGO,BUY,LIMIT,IOC,53,0.1320100,None,FILLED,53,53,1750712932370,6.996529999999999
LA,SELL,LIMIT,IOC,459.8,0.547000,None,FILLED,459.8,459.8,1750712938268,251.51060000000004
AERGO,BUY,LIMIT,IOC,6924,0.1325400,None,FILLED,334,6924,1750712949550,917.70696
WLD,SELL,LIMIT,IOC,94,0.8743000,None,FILLED,94,94,1750712950463,82.18419999999999
VIRTUAL,SELL,LIMIT,IOC,358.3,1.5901000,None,FILLED,114.7,358.3,1750712953337,569.73283
ZKJ,SELL,LIMIT,IOC,1000.8,0.240900,None,FILLED,17.0,1000.8,1750712953337,241.09271999999999
MOVE,SELL,LIMIT,IOC,77,0.1558000,None,FILLED,23,77,1750712953360,11.996599999999999
SPK,SELL,LIMIT,IOC,104,0.0487400,None,FILLED,104,104,1750712953360,5.06896
HBAR,SELL,LIMIT,IOC,141,0.14379,None,FILLED,141,141,1750712955261,20.27439
DOGE,SELL,LIMIT,IOC,3329,0.157289,None,FILLED,3329,3329,1750712955927,523.615081
SXT,BUY,LIMIT,IOC,4380,0.0726300,None,FILLED,237,4380,1750712957203,318.1194
NOT,SELL,LIMIT,IOC,128141,0.0017510,None,FILLED,128141,128141,1750712973601,224.374891
VIRTUAL,SELL,LIMIT,IOC,1504.2,1.5876000,None,FILLED,243.4,1504.2,1750712982208,2388.06792
DOGE,SELL,LIMIT,IOC,290,0.157220,None,FILLED,290,290,1750712984195,45.5938
VIRTUAL,SELL,LIMIT,IOC,3107.5,1.5861000,None,FILLED,71.5,3107.5,1750712985488,4928.80575
BID,SELL,LIMIT,IOC,3242,0.1262000,None,FILLED,1452,3242,1750712986294,409.1404
WLD,SELL,LIMIT,IOC,1660,0.8735000,None,FILLED,1130,1660,1750712988139,1450.01
SPK,SELL,LIMIT,IOC,73267,0.0486700,None,FILLED,2398,73267,1750712990509,3565.90489
VIRTUAL,SELL,LIMIT,IOC,2418.3,1.5854000,None,FILLED,101.8,2418.3,1750712990509,3833.97282
NOT,SELL,LIMIT,IOC,202309,0.0017500,None,FILLED,176377,202309,1750713003128,354.04075
SPX,BUY,LIMIT,IOC,4128,1.1978000,None,FILLED,25,4128,1750713004190,4944.5184
PROM,SELL,LIMIT,IOC,79.7,4.0980000,None,FILLED,55.7,79.7,1750713006500,326.6106
BID,BUY,LIMIT,IOC,2264,0.1309100,None,FILLED,267,2264,1750713009548,296.38024
AERGO,BUY,LIMIT,IOC,367,0.1329200,None,FILLED,367,367,1750713013303,48.78164
SQD,BUY,LIMIT,IOC,285,0.1575100,None,FILLED,222,285,1750713013303,44.890350000000005
LQTY,SELL,LIMIT,IOC,23.0,1.349900,None,FILLED,15.2,23.0,1750713015392,31.047700000000003
MOVE,SELL,LIMIT,IOC,188,0.1554000,None,FILLED,188,188,1750713025433,29.215200000000003
MOVE,SELL,LIMIT,IOC,2918,0.1553000,None,FILLED,2918,2918,1750713039098,453.1654
FARTCOIN,SELL,LIMIT,IOC,4757.5,0.9814000,None,FILLED,552.6,4757.5,1750713043598,4669.0105
FARTCOIN,SELL,LIMIT,IOC,193.4,0.9807000,None,FILLED,193.4,193.4,1750713045396,189.66738
MOVE,SELL,LIMIT,IOC,411,0.1551000,None,FILLED,411,411,1750713046049,63.7461
RESOLV,SELL,LIMIT,IOC,10028,0.2158600,None,FILLED,10,10028,1750713058384,2164.64408
LQTY,SELL,LIMIT,IOC,25.8,1.344700,None,FILLED,1.6,25.8,1750713070261,34.69326
FUN,BUY,LIMIT,IOC,2819,0.0101710,None,FILLED,711,2819,1750713074436,28.672048999999998
HBAR,BUY,LIMIT,IOC,51118,0.14737,None,FILLED,4497,51118,1750713100534,7533.25966
1000000BOB,SELL,LIMIT,IOC,10000,0.0371800,None,FILLED,3005,10000,1750713109322,371.79999999999995
AERGO,SELL,LIMIT,IOC,190,0.1284000,None,FILLED,190,190,1750713133519,24.395999999999997
SXT,BUY,LIMIT,IOC,906,0.0734400,None,FILLED,906,906,1750713134434,66.53664
TIA,SELL,LIMIT,IOC,885,1.4843000,None,FILLED,15,885,1750713142308,1313.6055
BID,BUY,LIMIT,IOC,337,0.1314700,None,FILLED,337,337,1750713162104,44.30539
TIA,SELL,LIMIT,IOC,6,1.4827000,None,FILLED,6,6,1750713162156,8.8962
TUT,BUY,LIMIT,IOC,2214,0.0460600,None,FILLED,2214,2214,1750713179089,101.97684
SXT,BUY,LIMIT,IOC,702,0.0738500,None,FILLED,702,702,1750713189516,51.8427
SXT,BUY,LIMIT,IOC,3700,0.0739800,None,FILLED,572,3700,1750713193206,273.726
MUBARAK,SELL,LIMIT,IOC,29849,0.0335800,None,FILLED,16559,29849,1750713196523,1002.3294199999999
MYX,SELL,LIMIT,IOC,328,0.0862800,None,FILLED,328,328,1750713205325,28.29984
MYX,SELL,LIMIT,IOC,364,0.0862358,None,FILLED,364,364,1750713212331,31.3898312
BTC,BUY,LIMIT,IOC,0.001,104293.90,None,FILLED,0.001,0.001,1750713216083,104.2939
BTCUSDC,BUY,LIMIT,IOC,0.025,104363.5,None,FILLED,0.025,0.025,1750713217356,2609.0875
BTC,BUY,LIMIT,IOC,0.490,104301.20,None,FILLED,0.322,0.490,1750713218106,51107.587999999996
BID,BUY,LIMIT,IOC,538,0.1318100,None,FILLED,86,538,1750713219166,70.91378
BTC,BUY,LIMIT,IOC,0.006,104307.20,None,FILLED,0.006,0.006,1750713220043,625.8432
HIPPO,SELL,LIMIT,IOC,2251732,0.0016630,None,FILLED,223678,2251732,1750713224473,3744.6303159999998
MAGIC,SELL,LIMIT,IOC,77.3,0.139300,None,FILLED,77.3,77.3,1750713228443,10.76789
BID,BUY,LIMIT,IOC,285,0.1322400,None,FILLED,285,285,1750713232227,37.6884
BID,BUY,LIMIT,IOC,7787,0.1322902,None,FILLED,568,7787,1750713233970,1030.1437874
BID,BUY,LIMIT,IOC,12494,0.1325500,None,FILLED,4584,12494,1750713235041,1656.0797
BID,BUY,LIMIT,IOC,182,0.1328100,None,FILLED,15,182,1750713238231,24.17142
BANANAS31,SELL,LIMIT,IOC,30177,0.0087780,None,FILLED,14021,30177,1750713249144,264.89370599999995
BID,BUY,LIMIT,IOC,4374,0.1328300,None,FILLED,1188,4374,1750713249494,580.99842
BID,BUY,LIMIT,IOC,2483,0.1328400,None,FILLED,147,2483,1750713256413,329.84172
IO,SELL,LIMIT,IOC,2182.9,0.6758000,None,FILLED,434.0,2182.9,1750713260171,1475.20382
PENGU,BUY,LIMIT,IOC,104762,0.0092060,None,FILLED,7618,104762,1750713273295,964.438972
POPCAT,SELL,LIMIT,IOC,38166,0.2755000,None,FILLED,6669,38166,1750713294213,10514.733
ICX,BUY,LIMIT,IOC,836,0.1297,None,FILLED,836,836,1750713305286,108.42920000000001
BID,BUY,LIMIT,IOC,453,0.1330200,None,FILLED,453,453,1750713307120,60.25806
BID,BUY,LIMIT,IOC,322,0.1330500,None,FILLED,60,322,1750713309100,42.8421
BTC,BUY,LIMIT,IOC,0.007,104311.20,None,FILLED,0.007,0.007,1750713318024,730.1784
BTCUSDC,BUY,LIMIT,IOC,0.049,104377.8,None,FILLED,0.049,0.049,1750713318596,5114.5122
BTC,BUY,LIMIT,IOC,0.060,104312.60,None,FILLED,0.060,0.060,1750713322119,6258.756
ETH,BUY,LIMIT,IOC,0.034,2362.37,None,FILLED,0.034,0.034,1750713322260,80.32058
BTC,BUY,LIMIT,IOC,0.009,104319.60,None,FILLED,0.009,0.009,1750713323157,938.8764
BTC,BUY,LIMIT,IOC,0.485,104330.90,None,FILLED,0.368,0.485,1750713324202,50600.4865
BID,BUY,LIMIT,IOC,5600,0.1332000,None,FILLED,1326,5600,1750713325195,745.9200000000001
BTC,BUY,LIMIT,IOC,1.000,104333.70,None,FILLED,1.000,1.000,1750713325217,104333.7
BTC,BUY,LIMIT,IOC,0.003,104351.60,None,FILLED,0.003,0.003,1750713330174,313.0548
AAVEUSDC,BUY,LIMIT,IOC,0.3,251.240,None,FILLED,0.1,0.3,1750713330292,75.372
BTCUSDC,BUY,LIMIT,IOC,0.001,104406.9,None,FILLED,0.001,0.001,1750713330640,104.4069
ETH,BUY,LIMIT,IOC,3.341,2363.25,None,FILLED,0.996,3.341,1750713331162,7895.61825
BTC,BUY,LIMIT,IOC,0.677,104362.80,None,FILLED,0.006,0.677,1750713331311,70653.6156
BTCUSDC,BUY,LIMIT,IOC,0.015,104431.8,None,FILLED,0.001,0.015,1750713332094,1566.477
BNBUSDC,BUY,LIMIT,IOC,0.15,636.000,None,FILLED,0.15,0.15,1750713332094,95.39999999999999
SOLUSDC,BUY,LIMIT,IOC,0.15,141.7100,None,FILLED,0.03,0.15,1750713332095,21.2565
BTC,BUY,LIMIT,IOC,0.002,104373.00,None,FILLED,0.002,0.002,1750713332345,208.746
BTC_250627,BUY,LIMIT,IOC,0.001,105042.2,None,FILLED,0.001,0.001,1750713333547,105.0422
ETH,BUY,LIMIT,IOC,0.044,2363.43,None,FILLED,0.044,0.044,1750713336261,103.99091999999999
BTC,BUY,LIMIT,IOC,0.358,104382.00,None,FILLED,0.358,0.358,1750713338038,37368.756
BTCUSDC,BUY,LIMIT,IOC,0.011,104445.3,None,FILLED,0.011,0.011,1750713338202,1148.8983
BTC,BUY,LIMIT,IOC,0.003,104398.40,None,FILLED,0.003,0.003,1750713348055,313.1952
BTCUSDC,BUY,LIMIT,IOC,0.013,104451.6,None,FILLED,0.013,0.013,1750713348146,1357.8708
BTC,BUY,LIMIT,IOC,1.521,104403.60,None,FILLED,0.299,1.521,1750713349085,158797.8756
OM,SELL,LIMIT,IOC,3000.0,0.2125400,None,FILLED,40.6,3000.0,1750713349209,637.62
VIRTUAL,BUY,LIMIT,IOC,468.5,1.6183000,None,FILLED,47.6,468.5,1750713350394,758.17355
XRP,BUY,LIMIT,IOC,300.3,2.0848,None,FILLED,300.3,300.3,1750713350394,626.06544
BTC,BUY,LIMIT,IOC,0.048,104423.80,None,FILLED,0.048,0.048,1750713351044,5012.3424
BTCUSDC,BUY,LIMIT,IOC,0.139,104484.3,None,FILLED,0.014,0.139,1750713351098,14523.317700000001
ETH,BUY,LIMIT,IOC,1.134,2364.39,None,FILLED,1.134,1.134,1750713351532,2681.2182599999996
BTC,BUY,LIMIT,IOC,0.097,104460.70,None,FILLED,0.097,0.097,1750713352130,10132.6879
ETHUSDC,BUY,LIMIT,IOC,0.355,2366.59,None,FILLED,0.345,0.355,1750713352180,840.13945
ATOM,BUY,LIMIT,IOC,60.58,4.023,None,FILLED,8.29,60.58,1750713352184,243.71334
BTC_250627,BUY,LIMIT,IOC,0.003,105085.7,None,FILLED,0.003,0.003,1750713352396,315.2571
BTCUSDC,BUY,LIMIT,IOC,0.388,104489.6,None,FILLED,0.188,0.388,1750713352421,40541.9648
INIT,BUY,LIMIT,IOC,12215,0.4429000,None,FILLED,263,12215,1750713352465,5410.0235
BTC,BUY,LIMIT,IOC,0.126,104475.60,None,FILLED,0.126,0.126,1750713353148,13163.9256
ETH,BUY,LIMIT,IOC,0.018,2365.54,None,FILLED,0.018,0.018,1750713353184,42.579719999999995
BTCUSDC,BUY,LIMIT,IOC,0.050,104536.5,None,FILLED,0.050,0.050,1750713353434,5226.825000000001
ETHUSDC,BUY,LIMIT,IOC,0.445,2366.75,None,FILLED,0.445,0.445,1750713353434,1053.2037500000001
BTC,BUY,LIMIT,IOC,0.104,104530.30,None,FILLED,0.096,0.104,1750713354151,10871.1512
ETH,BUY,LIMIT,IOC,0.038,2365.88,None,FILLED,0.038,0.038,1750713354209,89.90344
BTC_250926,BUY,LIMIT,IOC,0.003,106409.8,None,FILLED,0.003,0.003,1750713354234,319.2294
BTC,BUY,LIMIT,IOC,0.031,104529.80,None,FILLED,0.031,0.031,1750713355316,3240.4238
ETH,BUY,LIMIT,IOC,0.762,2366.92,None,FILLED,0.762,0.762,1750713355316,1803.59304
BTCUSDC,BUY,LIMIT,IOC,0.002,104596.9,None,FILLED,0.002,0.002,1750713356075,209.19379999999998
ETHUSDC,BUY,LIMIT,IOC,0.551,2368.83,None,FILLED,0.497,0.551,1750713356085,1305.22533
SOL,BUY,LIMIT,IOC,0.36,141.8300,None,FILLED,0.36,0.36,1750713356121,51.058800000000005
BTC,BUY,LIMIT,IOC,0.004,104540.60,None,FILLED,0.004,0.004,1750713356325,418.16240000000005
ETH,BUY,LIMIT,IOC,50.653,2367.16,None,FILLED,0.246,50.653,1750713356379,119903.75547999999
SOL,BUY,LIMIT,IOC,8.35,141.8600,None,FILLED,0.55,8.35,1750713357257,1184.5310000000002
BTC_250627,BUY,LIMIT,IOC,0.260,105210.7,None,FILLED,0.022,0.260,1750713358290,27354.782
ETH,BUY,LIMIT,IOC,0.073,2367.92,None,FILLED,0.073,0.073,1750713359332,172.85816
ETH,BUY,LIMIT,IOC,0.256,2368.30,None,FILLED,0.256,0.256,1750713360506,606.2848
BTC,BUY,LIMIT,IOC,0.005,104551.10,None,FILLED,0.005,0.005,1750713361075,522.7555
BTCUSDC,BUY,LIMIT,IOC,2.152,104686.4,None,FILLED,0.021,2.152,1750713361098,225285.1328
BID,BUY,LIMIT,IOC,837,0.1331900,None,FILLED,313,837,1750713361462,111.48003
ETH,BUY,LIMIT,IOC,0.339,2368.84,None,FILLED,0.312,0.339,1750713361536,803.0367600000001
1000PEPE,BUY,LIMIT,IOC,42246,0.0095820,None,FILLED,9939,42246,1750713362446,404.801172
LDO,BUY,LIMIT,IOC,241,0.696300,None,FILLED,217,241,1750713363210,167.8083
BTC_250627,BUY,LIMIT,IOC,0.003,105218.2,None,FILLED,0.003,0.003,1750713363298,315.6546
NEIROETH,BUY,LIMIT,IOC,13886,0.0851600,None,FILLED,548,13886,1750713363399,1182.53176
ONE,BUY,LIMIT,IOC,13419,0.00970,None,FILLED,13419,13419,1750713364081,130.1643
ETH,BUY,LIMIT,IOC,2.844,2369.49,None,FILLED,2.844,2.844,1750713364126,6738.829559999999
1000CAT,BUY,LIMIT,IOC,556785,0.0063270,None,FILLED,3598,556785,1750713364126,3522.778695
ETHUSDC,BUY,LIMIT,IOC,0.079,2370.64,None,FILLED,0.079,0.079,1750713364203,187.28055999999998
ETH,BUY,LIMIT,IOC,3.474,2369.60,None,FILLED,1.363,3.474,1750713366223,8231.9904
ETH,BUY,LIMIT,IOC,0.760,2369.98,None,FILLED,0.760,0.760,1750713368135,1801.1848
SUSHI,BUY,LIMIT,IOC,18,0.6012,None,FILLED,8,18,1750713372241,10.8216
SOL,BUY,LIMIT,IOC,9.22,141.9300,None,FILLED,9.22,9.22,1750713372378,1308.5946000000001
1000PEPE,BUY,LIMIT,IOC,3883,0.0095938,None,FILLED,3883,3883,1750713373328,37.252725399999996
HOME,BUY,LIMIT,IOC,21465,0.0213200,None,FILLED,21465,21465,1750713373369,457.63379999999995
SOL,BUY,LIMIT,IOC,0.47,141.9500,None,FILLED,0.47,0.47,1750713373405,66.7165
ETH,BUY,LIMIT,IOC,13.180,2370.67,None,FILLED,13.180,13.180,1750713374025,31245.4306
SEI,BUY,LIMIT,IOC,363,0.2312000,None,FILLED,363,363,1750713374129,83.9256
FARTCOIN,BUY,LIMIT,IOC,733.5,1.0068000,None,FILLED,148.9,733.5,1750713374188,738.4878
SOL,BUY,LIMIT,IOC,2.24,141.9900,None,FILLED,2.24,2.24,1750713374562,318.05760000000004
SEI,BUY,LIMIT,IOC,1638,0.2313000,None,FILLED,1638,1638,1750713376141,378.8694
BTC,BUY,LIMIT,IOC,0.026,104555.20,None,FILLED,0.026,0.026,1750713377044,2718.4352
BID,BUY,LIMIT,IOC,1016,0.1333700,None,FILLED,1016,1016,1750713377105,135.50392
ETH,BUY,LIMIT,IOC,0.229,2371.22,None,FILLED,0.229,0.229,1750713377175,543.00938
BTCUSDC,BUY,LIMIT,IOC,0.036,104608.8,None,FILLED,0.036,0.036,1750713377212,3765.9168
BID,BUY,LIMIT,IOC,2541,0.1334900,None,FILLED,2541,2541,1750713378123,339.19809
XCN,BUY,LIMIT,IOC,10817,0.0140700,None,FILLED,10478,10817,1750713378596,152.19519
BTC,BUY,LIMIT,IOC,0.122,104565.20,None,FILLED,0.122,0.122,1750713379071,12756.954399999999
NEIRO,BUY,LIMIT,IOC,1048337,0.00037020,None,FILLED,1048337,1048337,1750713380185,388.0943574
SEI,BUY,LIMIT,IOC,43796,0.2324000,None,FILLED,5314,43796,1750713380522,10178.1904
MAVIA,BUY,LIMIT,IOC,46,0.1478000,None,FILLED,46,46,1750713381225,6.798799999999999
BID,BUY,LIMIT,IOC,41060,0.1336900,None,FILLED,366,41060,1750713382150,5489.3114000000005
MOVE,BUY,LIMIT,IOC,31218,0.1628000,None,FILLED,2365,31218,1750713382150,5082.2904
SEI,BUY,LIMIT,IOC,14090,0.2319000,None,FILLED,2589,14090,1750713387160,3267.471
APT,BUY,LIMIT,IOC,66.6,4.20760,None,FILLED,21.4,66.6,1750713387160,280.22616
HYPER,SELL,LIMIT,IOC,20605,0.0984000,None,FILLED,2733,20605,1750713387160,2027.532
IOST,BUY,LIMIT,IOC,60806,0.003211,None,FILLED,23376,60806,1750713389464,195.248066
FUN,BUY,LIMIT,IOC,105817,0.0102200,None,FILLED,1641,105817,1750713389522,1081.44974
BID,BUY,LIMIT,IOC,178,0.1337300,None,FILLED,178,178,1750713392083,23.803939999999997
SEI,BUY,LIMIT,IOC,2654,0.2318000,None,FILLED,2654,2654,1750713392386,615.1972000000001
FUN,BUY,LIMIT,IOC,317726,0.0102300,None,FILLED,11528,317726,1750713392386,3250.33698
BANANAS31,BUY,LIMIT,IOC,42333,0.0089940,None,FILLED,25663,42333,1750713392386,380.743002
BTCUSDC,BUY,LIMIT,IOC,0.098,104618.9,None,FILLED,0.027,0.098,1750713396157,10252.6522
BTC,BUY,LIMIT,IOC,0.003,104566.10,None,FILLED,0.003,0.003,1750713397400,313.6983
BTCUSDC,BUY,LIMIT,IOC,0.058,104620.9,None,FILLED,0.058,0.058,1750713398603,6068.0122
BTC,BUY,LIMIT,IOC,0.054,104571.50,None,FILLED,0.006,0.054,1750713399061,5646.861
LQTY,BUY,LIMIT,IOC,8.5,1.396700,None,FILLED,1.2,8.5,1750713399316,11.87195
ETH,BUY,LIMIT,IOC,0.446,2369.63,None,FILLED,0.446,0.446,1750713399345,1056.85498
BTC_250627,BUY,LIMIT,IOC,0.009,105241.4,None,FILLED,0.009,0.009,1750713399345,947.1725999999999
BTC_250926,BUY,LIMIT,IOC,0.004,106523.9,None,FILLED,0.003,0.004,1750713399345,426.0956
BANANAS31,BUY,LIMIT,IOC,6496,0.0089960,None,FILLED,1634,6496,1750713399345,58.438016000000005
ATOM,BUY,LIMIT,IOC,1515.07,4.032,None,FILLED,1515.07,1515.07,1750713400142,6108.76224
BTC,BUY,LIMIT,IOC,0.190,104574.50,None,FILLED,0.037,0.190,1750713400181,19869.155
ETH,SELL,LIMIT,IOC,0.019,2350.69,None,FILLED,0.019,0.019,1750713400381,44.66311
BTCUSDC,BUY,LIMIT,IOC,0.179,104628.6,None,FILLED,0.179,0.179,1750713400477,18728.5194
BTC,BUY,LIMIT,IOC,0.003,104576.00,None,FILLED,0.003,0.003,1750713402166,313.728
LUNA2,BUY,LIMIT,IOC,37,0.1447000,None,FILLED,37,37,1750713402166,5.353899999999999
XMR,BUY,LIMIT,IOC,0.194,308.72,None,FILLED,0.194,0.194,1750713403149,59.89168000000001
BTC,BUY,LIMIT,IOC,0.001,104577.20,None,FILLED,0.001,0.001,1750713403198,104.5772
REZ,BUY,LIMIT,IOC,756770,0.0082300,None,FILLED,21071,756770,1750713403333,6228.2171
BTC,BUY,LIMIT,IOC,0.001,104579.50,None,FILLED,0.001,0.001,1750713404242,104.5795
BTC,BUY,LIMIT,IOC,0.035,104582.20,None,FILLED,0.035,0.035,1750713409119,3660.3770000000004
BTC_250926,BUY,LIMIT,IOC,0.004,106543.5,None,FILLED,0.004,0.004,1750713409119,426.17400000000004
BID,BUY,LIMIT,IOC,1905,0.1339100,None,FILLED,804,1905,1750713409180,255.09855
BID,BUY,LIMIT,IOC,15532,0.1341400,None,FILLED,2073,15532,1750713410493,2083.46248
BTC,BUY,LIMIT,IOC,1.380,104583.90,None,FILLED,0.271,1.380,1750713425066,144325.78199999998
LTC,BUY,LIMIT,IOC,11.680,84.21,None,FILLED,11.680,11.680,1750713425272,983.5727999999999
BTC_250627,BUY,LIMIT,IOC,0.060,105268.8,None,FILLED,0.055,0.060,1750713426170,6316.128
ENA,BUY,LIMIT,IOC,1243,0.2607000,None,FILLED,1243,1243,1750713426238,324.0501
SEI,BUY,LIMIT,IOC,33212,0.2325000,None,FILLED,742,33212,1750713426309,7721.79
BTC,BUY,LIMIT,IOC,0.030,104585.60,None,FILLED,0.030,0.030,1750713426340,3137.568
ATOM,BUY,LIMIT,IOC,11.64,4.033,None,FILLED,11.64,11.64,1750713427047,46.944120000000005
BTC,BUY,LIMIT,IOC,0.057,104586.80,None,FILLED,0.057,0.057,1750713427366,5961.4476
SEI,BUY,LIMIT,IOC,475,0.2323000,None,FILLED,475,475,1750713427428,110.3425
1000PEPE,BUY,LIMIT,IOC,4938,0.0096084,None,FILLED,4938,4938,1750713427463,47.4462792
SEI,BUY,LIMIT,IOC,111,0.2326000,None,FILLED,111,111,1750713429074,25.8186
SOPH,SELL,LIMIT,IOC,567,0.0370990,None,FILLED,567,567,1750713429079,21.035133
BTC,SELL,LIMIT,IOC,0.001,103833.40,None,FILLED,0.001,0.001,1750713429079,103.8334
CRVUSDC,SELL,LIMIT,IOC,349.5,0.5564000,None,FILLED,349.5,349.5,1750713429299,194.4618
BID,SELL,LIMIT,IOC,8297,0.1290100,None,FILLED,1877,8297,1750713430270,1070.39597
AAVE,BUY,LIMIT,IOC,0.2,251.920,None,FILLED,0.2,0.2,1750713431327,50.384
SEI,BUY,LIMIT,IOC,1616,0.2340000,None,FILLED,1616,1616,1750713432030,378.144
XLM,BUY,LIMIT,IOC,3088,0.24098,None,FILLED,810,3088,1750713432030,744.14624
FUN,BUY,LIMIT,IOC,606,0.0102320,None,FILLED,606,606,1750713432441,6.200591999999999
BTC_250926,BUY,LIMIT,IOC,0.004,106556.6,None,FILLED,0.001,0.004,1750713433183,426.2264
SEI,BUY,LIMIT,IOC,234,0.2341000,None,FILLED,234,234,1750713434071,54.7794
BTC,BUY,LIMIT,IOC,0.002,104591.80,None,FILLED,0.002,0.002,1750713434258,209.1836
BTC,BUY,LIMIT,IOC,0.025,104592.00,None,FILLED,0.025,0.025,1750713435237,2614.8
SEI,BUY,LIMIT,IOC,9013,0.2344000,None,FILLED,3267,9013,1750713436394,2112.6472
FUN,BUY,LIMIT,IOC,14893,0.0102440,None,FILLED,3315,14893,1750713446528,152.56389199999998
FUN,BUY,LIMIT,IOC,33461,0.0102550,None,FILLED,11693,33461,1750713449436,343.142555
GUN,BUY,LIMIT,IOC,3507,0.0231000,None,FILLED,2961,3507,1750713460491,81.01169999999999
BID,SELL,LIMIT,IOC,8369,0.1281100,None,FILLED,541,8369,1750713479369,1072.15259
BID,SELL,LIMIT,IOC,20982,0.1278700,None,FILLED,423,20982,1750713480420,2682.9683400000004
ATOM,BUY,LIMIT,IOC,9.45,4.038,None,FILLED,9.45,9.45,1750713486324,38.1591
VIC,BUY,LIMIT,IOC,250,0.1558000,None,FILLED,34,250,1750713486360,38.949999999999996
IOST,BUY,LIMIT,IOC,6517,0.003212,None,FILLED,6517,6517,1750713487132,20.932604
LINK,BUY,LIMIT,IOC,168.94,12.531,None,FILLED,168.94,168.94,1750713487148,2116.98714
BTC,BUY,LIMIT,IOC,0.023,104568.30,None,FILLED,0.023,0.023,1750713487148,2405.0709
NEO,BUY,LIMIT,IOC,6.18,5.477,None,FILLED,6.18,6.18,1750713489406,33.84786
MANA,BUY,LIMIT,IOC,19972,0.2582,None,FILLED,108,19972,1750713491136,5156.770399999999
ENA,BUY,LIMIT,IOC,1093,0.2613000,None,FILLED,1093,1093,1750713500211,285.60089999999997
ETH,BUY,LIMIT,IOC,0.252,2371.14,None,FILLED,0.252,0.252,1750713500211,597.52728
ADA,BUY,LIMIT,IOC,2559,0.56820,None,FILLED,2559,2559,1750713500384,1454.0238000000002
ROSE,BUY,LIMIT,IOC,285,0.02331,None,FILLED,285,285,1750713505062,6.64335
LQTY,SELL,LIMIT,IOC,1447.9,1.353900,None,FILLED,273.9,1447.9,1750713505289,1960.3118100000004
LQTY,SELL,LIMIT,IOC,805.9,1.352100,None,FILLED,406.1,805.9,1750713508088,1089.65739
REZ,BUY,LIMIT,IOC,29399,0.0082300,None,FILLED,29399,29399,1750713508566,241.95377
SOLUSDC,BUY,LIMIT,IOC,13.46,142.1100,None,FILLED,8.99,13.46,1750713511274,1912.8006000000003
ROSE,BUY,LIMIT,IOC,285,0.02332,None,FILLED,285,285,1750713511406,6.6462
ETH,BUY,LIMIT,IOC,1.345,2371.52,None,FILLED,0.496,1.345,1750713512251,3189.6944
ETH,BUY,LIMIT,IOC,1.078,2371.80,None,FILLED,1.078,1.078,1750713513479,2556.8004000000005
AXS,BUY,LIMIT,IOC,1360,2.23000,None,FILLED,864,1360,1750713514378,3032.8
SEI,BUY,LIMIT,IOC,79,0.2344000,None,FILLED,79,79,1750713516323,18.517599999999998
CTSI,BUY,LIMIT,IOC,153,0.0572,None,FILLED,153,153,1750713539056,8.7516
SWELL,BUY,LIMIT,IOC,1328,0.0086700,None,FILLED,1328,1328,1750713543121,11.513760000000001
WLD,SELL,LIMIT,IOC,86,0.8694000,None,FILLED,86,86,1750713545429,74.7684
BID,BUY,LIMIT,IOC,7812,0.1326500,None,FILLED,793,7812,1750713554263,1036.2618
BID,BUY,LIMIT,IOC,83,0.1327200,None,FILLED,83,83,1750713555536,11.01576
XCN,BUY,LIMIT,IOC,11111,0.0142100,None,FILLED,4976,11111,1750713556378,157.88731
HAEDAL,BUY,LIMIT,IOC,76980,0.1369180,None,FILLED,793,76980,1750713563120,10539.94764
BID,BUY,LIMIT,IOC,24629,0.1324800,None,FILLED,866,24629,1750713563120,3262.8499199999997
FUN,BUY,LIMIT,IOC,9346,0.0102790,None,FILLED,7722,9346,1750713572123,96.067534
FUN,BUY,LIMIT,IOC,7076,0.0102830,None,FILLED,3978,7076,1750713573330,72.762508
FUN,BUY,LIMIT,IOC,12865,0.0103080,None,FILLED,2779,12865,1750713574333,132.61242
FUN,BUY,LIMIT,IOC,16902,0.0103250,None,FILLED,16902,16902,1750713575390,174.51315000000002
LINK,BUY,LIMIT,IOC,43.35,12.542,None,FILLED,43.35,43.35,1750713576120,543.6957
SOL,BUY,LIMIT,IOC,0.38,142.1000,None,FILLED,0.38,0.38,1750713576169,53.998
OM,BUY,LIMIT,IOC,28092.8,0.2180000,None,FILLED,1133.4,28092.8,1750713580525,6124.2303999999995
LINK,BUY,LIMIT,IOC,901.81,12.554,None,FILLED,7.29,901.81,1750713581534,11321.32274
BANANAS31,BUY,LIMIT,IOC,67074,0.0090730,None,FILLED,11750,67074,1750713589203,608.562402
PROM,SELL,LIMIT,IOC,22.7,4.0840000,None,FILLED,16.1,22.7,1750713593586,92.70679999999999
ATH,BUY,LIMIT,IOC,231956,0.0316300,None,FILLED,2175,231956,1750713603352,7336.768279999999
LQTY,BUY,LIMIT,IOC,43.5,1.404400,None,FILLED,43.5,43.5,1750713604554,61.09140000000001
SXT,SELL,LIMIT,IOC,19884,0.0710000,None,FILLED,110,19884,1750713606309,1411.764
BID,BUY,LIMIT,IOC,50,0.1328400,None,FILLED,50,50,1750713607465,6.642
CGPT,BUY,LIMIT,IOC,2915,0.0858500,None,FILLED,587,2915,1750713609413,250.25275
SEI,BUY,LIMIT,IOC,24,0.2339000,None,FILLED,24,24,1750713623182,5.6136
LINK,BUY,LIMIT,IOC,196.62,12.548,None,FILLED,196.62,196.62,1750713626393,2467.1877600000003
1000PEPE,BUY,LIMIT,IOC,159634,0.0096107,None,FILLED,81373,159634,1750713646043,1534.1944838
FARTCOIN,SELL,LIMIT,IOC,374.2,0.9823000,None,FILLED,374.2,374.2,1750713657189,367.57665999999995
SEI,BUY,LIMIT,IOC,1855,0.2346000,None,FILLED,1855,1855,1750713664048,435.183
LQTY,SELL,LIMIT,IOC,43.4,1.353700,None,FILLED,43.4,43.4,1750713667063,58.75057999999999
SUI,SELL,LIMIT,IOC,2699.6,2.683100,None,FILLED,350.3,2699.6,1750713679548,7243.29676
FARTCOIN,SELL,LIMIT,IOC,961.2,0.9803000,None,FILLED,181.2,961.2,1750713680387,942.26436
SEI,BUY,LIMIT,IOC,18222,0.2348000,None,FILLED,7180,18222,1750713686338,4278.5256
MOVE,BUY,LIMIT,IOC,3943,0.1646000,None,FILLED,6,3943,1750713693253,649.0178
SEI,BUY,LIMIT,IOC,2426,0.2352000,None,FILLED,2426,2426,1750713700326,570.5952
FUN,SELL,LIMIT,IOC,66238,0.0099240,None,FILLED,3477,66238,1750713714749,657.345912
EGLD,BUY,LIMIT,IOC,60.4,13.387,None,FILLED,1.8,60.4,1750713720375,808.5748
SEI,BUY,LIMIT,IOC,1305,0.2353000,None,FILLED,1305,1305,1750713720375,307.0665
MANA,BUY,LIMIT,IOC,154,0.2583,None,FILLED,154,154,1750713720732,39.7782
1000PEPE,BUY,LIMIT,IOC,71926,0.0096168,None,FILLED,24711,71926,1750713723578,691.6979568
SEI,BUY,LIMIT,IOC,1945,0.2353000,None,FILLED,1399,1945,1750713725261,457.6585
SEI,BUY,LIMIT,IOC,4642,0.2354000,None,FILLED,3463,4642,1750713726513,1092.7268
JUP,BUY,LIMIT,IOC,83936,0.3847000,None,FILLED,7346,83936,1750713726526,32290.1792
