FLUX,BUY,LIMIT,IOC,5739,0.1895000,None,FILLED,8,5739,1750713727423,1087.5405
SEI,BUY,LIMIT,IOC,205,0.2355000,None,FILLED,205,205,1750713736477,48.277499999999996
FUN,SELL,LIMIT,IOC,15226,0.0099050,None,FILLED,14030,15226,1750713737179,150.81353000000001
FUN,SELL,LIMIT,IOC,124243,0.0099020,None,FILLED,25461,124243,1750713738304,1230.254186
SEI,BUY,LIMIT,IOC,551,0.2356000,None,FILLED,551,551,1750713740309,129.8156
AKT,BUY,LIMIT,IOC,2449.3,1.0860000,None,FILLED,184.2,2449.3,1750713772453,2659.9398000000006
FUN,SELL,LIMIT,IOC,199999,0.0098880,None,FILLED,28933,199999,1750713780154,1977.5901119999999
FIDA,BUY,LIMIT,IOC,1724,0.0608700,None,FILLED,1187,1724,1750713800145,104.93988
SOL,BUY,LIMIT,IOC,7.14,142.1400,None,FILLED,7.14,7.14,1750713810135,1014.8795999999999
SOL,BUY,LIMIT,IOC,0.05,142.1800,None,FILLED,0.05,0.05,1750713812228,7.109000000000001
SOL,BUY,LIMIT,IOC,6.61,142.1900,None,FILLED,6.61,6.61,1750713815131,939.8759
PLUME,BUY,LIMIT,IOC,20000,0.0898000,None,FILLED,129,20000,1750713817330,1796.0
SOL,BUY,LIMIT,IOC,95.73,142.2000,None,FILLED,28.25,95.73,1750713818242,13612.805999999999
FUN,SELL,LIMIT,IOC,9622,0.0098700,None,FILLED,9622,9622,1750713851645,94.96914
FUN,SELL,LIMIT,IOC,9935,0.0098630,None,FILLED,8735,9935,1750713856281,97.988905
SPK,SELL,LIMIT,IOC,14107,0.0485400,None,FILLED,2239,14107,1750713861113,684.75378
1000PEPE,BUY,LIMIT,IOC,2103669,0.0096224,None,FILLED,303699,2103669,1750713865135,20242.3445856
TRUMP,BUY,LIMIT,IOC,12.79,9.110000,None,FILLED,12.79,12.79,1750713872348,116.51689999999998
XTZ,BUY,LIMIT,IOC,915.0,0.527,None,FILLED,915.0,915.0,1750713874621,482.20500000000004
SUPER,BUY,LIMIT,IOC,27,0.5618000,None,FILLED,27,27,1750713899351,15.1686
SPK,SELL,LIMIT,IOC,919,0.0484800,None,FILLED,919,919,1750713900471,44.55312
1000PEPE,BUY,LIMIT,IOC,40596,0.0096281,None,FILLED,40596,40596,1750713902221,390.8623476
KAVA,BUY,LIMIT,IOC,2327.7,0.4311,None,FILLED,398.2,2327.7,1750713906230,1003.4714699999998
TON,BUY,LIMIT,IOC,43.6,2.9065000,None,FILLED,43.6,43.6,1750713911368,126.7234
FUN,SELL,LIMIT,IOC,17544,0.0098120,None,FILLED,13891,17544,1750713956064,172.141728
MOODENG,SELL,LIMIT,IOC,5284,0.1439800,None,FILLED,886,5284,1750713965284,760.79032
BANANAS31,SELL,LIMIT,IOC,167410,0.0088220,None,FILLED,3099,167410,1750713966481,1476.89102
LQTY,BUY,LIMIT,IOC,43.9,1.391300,None,FILLED,36.3,43.9,1750713970314,61.07807
1000SATS,SELL,LIMIT,IOC,2526475,0.0000362,None,FILLED,2526475,2526475,1750713976513,91.458395
FARTCOIN,SELL,LIMIT,IOC,2407.6,0.9801000,None,FILLED,779.2,2407.6,1750713978349,2359.68876
ORDI,SELL,LIMIT,IOC,20.9,7.051000,None,FILLED,20.9,20.9,1750713982070,147.36589999999998
MYX,SELL,LIMIT,IOC,798,0.0855700,None,FILLED,798,798,1750713983506,68.28486
LQTY,SELL,LIMIT,IOC,97.6,1.342000,None,FILLED,97.6,97.6,1750714010538,130.9792
LQTY,SELL,LIMIT,IOC,933.2,1.341600,None,FILLED,520.1,933.2,1750714013105,1251.98112
LQTY,SELL,LIMIT,IOC,1522.6,1.341100,None,FILLED,194.4,1522.6,1750714015148,2041.9588599999997
FARTCOIN,SELL,LIMIT,IOC,8008.6,0.9782000,None,FILLED,1689.6,8008.6,1750714016261,7834.01252
ETH,SELL,LIMIT,IOC,34.215,2341.37,None,FILLED,10.634,34.215,1750714021594,80109.97455
ETH,SELL,LIMIT,IOC,0.079,2341.02,None,FILLED,0.079,0.079,1750714024205,184.94058
ETH,SELL,LIMIT,IOC,1.798,2340.73,None,FILLED,1.798,1.798,1750714029256,4208.6325400000005
ETH,SELL,LIMIT,IOC,0.032,2340.47,None,FILLED,0.032,0.032,1750714032884,74.89504
TRU,SELL,LIMIT,IOC,34125,0.0283200,None,FILLED,9460,34125,1750714033627,966.4200000000001
ETH,SELL,LIMIT,IOC,0.072,2339.16,None,FILLED,0.072,0.072,1750714034148,168.41951999999998
FARTCOIN,SELL,LIMIT,IOC,5.4,0.9798000,None,FILLED,5.4,5.4,1750714034297,5.290920000000001
ETHUSDC,SELL,LIMIT,IOC,0.455,2340.97,None,FILLED,0.455,0.455,1750714034313,1065.1413499999999
BABY,SELL,LIMIT,IOC,11273,0.0457300,None,FILLED,9357,11273,1750714034469,515.51429
SPK,SELL,LIMIT,IOC,42140,0.0485100,None,FILLED,7733,42140,1750714034508,2044.2114
IO,SELL,LIMIT,IOC,764.1,0.6779000,None,FILLED,14.7,764.1,1750714034651,517.98339
KAITO,SELL,LIMIT,IOC,41.8,1.347900,None,FILLED,14.6,41.8,1750714035144,56.34222
BTC,SELL,LIMIT,IOC,0.001,103484.00,None,FILLED,0.001,0.001,1750714035144,103.48400000000001
BR,BUY,LIMIT,IOC,104812,0.0486900,None,FILLED,3428,104812,1750714035182,5103.29628
MOODENG,SELL,LIMIT,IOC,4941,0.1436200,None,FILLED,1247,4941,1750714035347,709.6264199999999
SUI,SELL,LIMIT,IOC,44.6,2.675900,None,FILLED,2.5,44.6,1750714035465,119.34514
ETH,SELL,LIMIT,IOC,0.492,2338.45,None,FILLED,0.492,0.492,1750714035473,1150.5174
ETHUSDC,SELL,LIMIT,IOC,1.031,2339.01,None,FILLED,1.031,1.031,1750714035556,2411.51931
PNUTUSDC,SELL,LIMIT,IOC,177,0.2079600,None,FILLED,101,177,1750714036061,36.80892
ETH,SELL,LIMIT,IOC,0.127,2336.76,None,FILLED,0.109,0.127,1750714037130,296.76852
ETHUSDC,SELL,LIMIT,IOC,5.122,2338.38,None,FILLED,3.267,5.122,1750714037323,11977.18236
BR,BUY,LIMIT,IOC,12555,0.0489800,None,FILLED,12555,12555,1750714037368,614.9439
ID,SELL,LIMIT,IOC,44,0.1487600,None,FILLED,4,44,1750714037391,6.54544
BTC,SELL,LIMIT,IOC,0.071,103472.20,None,FILLED,0.071,0.071,1750714037403,7346.526199999999
XRP,SELL,LIMIT,IOC,915.1,2.0665,None,FILLED,175.1,915.1,1750714037520,1891.0541500000002
BTCUSDC,BUY,LIMIT,IOC,0.002,104236.0,None,FILLED,0.002,0.002,1750714037803,208.472
ETHUSDC,SELL,LIMIT,IOC,0.243,2337.95,None,FILLED,0.243,0.243,1750714038452,568.12185
ETH,SELL,LIMIT,IOC,0.055,2336.09,None,FILLED,0.055,0.055,1750714039047,128.48495
BR,BUY,LIMIT,IOC,16250,0.0491800,None,FILLED,16250,16250,1750714039064,799.1750000000001
MOODENG,SELL,LIMIT,IOC,5431,0.1434600,None,FILLED,805,5431,1750714039403,779.13126
BR,BUY,LIMIT,IOC,11267,0.0499300,None,FILLED,565,11267,1750714040120,562.56131
FUN,BUY,LIMIT,IOC,24584,0.0101100,None,FILLED,23439,24584,1750714040441,248.54423999999997
TURBO,SELL,LIMIT,IOC,152481,0.0033623,None,FILLED,9686,152481,1750714040600,512.6868663
BR,BUY,LIMIT,IOC,20934,0.0502400,None,FILLED,13540,20934,1750714042154,1051.72416
WLD,SELL,LIMIT,IOC,16,0.8684000,None,FILLED,16,16,1750714042192,13.8944
ALGO,SELL,LIMIT,IOC,575.2,0.1704,None,FILLED,252.8,575.2,1750714042301,98.01408
PENGU,SELL,LIMIT,IOC,31203,0.0089850,None,FILLED,28447,31203,1750714042596,280.358955
LQTY,SELL,LIMIT,IOC,93.5,1.338800,None,FILLED,79.8,93.5,1750714044042,125.1778
LDO,SELL,LIMIT,IOC,2274,0.683600,None,FILLED,248,2274,1750714044078,1554.5064
SEI,SELL,LIMIT,IOC,1660,0.2272000,None,FILLED,1339,1660,1750714044198,377.15200000000004
ETH,SELL,LIMIT,IOC,1.731,2335.61,None,FILLED,0.309,1.731,1750714047275,4042.9409100000003
JUP,SELL,LIMIT,IOC,53,0.3713000,None,FILLED,31,53,1750714047358,19.678900000000002
ETHFI,SELL,LIMIT,IOC,1500.0,0.9145000,None,FILLED,577.6,1500.0,1750714047403,1371.75
ETH,SELL,LIMIT,IOC,2.612,2335.43,None,FILLED,2.612,2.612,1750714048396,6100.14316
FARTCOIN,SELL,LIMIT,IOC,84.2,0.9778000,None,FILLED,84.2,84.2,1750714048489,82.33076
1000PEPE,SELL,LIMIT,IOC,9156,0.0094283,None,FILLED,9156,9156,1750714048824,86.32551480000001
ETHUSDC,SELL,LIMIT,IOC,0.186,2336.30,None,FILLED,0.149,0.186,1750714049400,434.5518
FARTCOIN,SELL,LIMIT,IOC,303.1,0.9760000,None,FILLED,303.1,303.1,1750714050071,295.8256
PNUT,SELL,LIMIT,IOC,1405,0.2073300,None,FILLED,1381,1405,1750714052192,291.29865
FARTCOIN,SELL,LIMIT,IOC,216.2,0.9755000,None,FILLED,216.2,216.2,1750714053254,210.9031
BTC,SELL,LIMIT,IOC,0.055,103357.20,None,FILLED,0.055,0.055,1750714056466,5684.646
BTC,SELL,LIMIT,IOC,0.026,103332.20,None,FILLED,0.026,0.026,1750714057541,2686.6371999999997
SEI,SELL,LIMIT,IOC,1780,0.2268000,None,FILLED,1780,1780,1750714057600,403.704
LQTY,SELL,LIMIT,IOC,13.1,1.338600,None,FILLED,13.1,13.1,1750714057643,17.53566
WLD,SELL,LIMIT,IOC,120,0.8677000,None,FILLED,120,120,1750714058401,104.12400000000001
F,SELL,LIMIT,IOC,1322,0.0085850,None,FILLED,50,1322,1750714060572,11.34937
BTC,SELL,LIMIT,IOC,1.500,103326.70,None,FILLED,0.162,1.500,1750714069271,154990.05
CRV,SELL,LIMIT,IOC,177.1,0.552,None,FILLED,177.1,177.1,1750714072125,97.7592
LA,SELL,LIMIT,IOC,533.8,0.545000,None,FILLED,533.8,533.8,1750714075537,290.921
LAYER,SELL,LIMIT,IOC,1393.7,0.723800,None,FILLED,282.0,1393.7,1750714077230,1008.7600600000001
BTC,SELL,LIMIT,IOC,0.211,103305.40,None,FILLED,0.211,0.211,1750714077356,21797.4394
ETH,SELL,LIMIT,IOC,1.491,2335.33,None,FILLED,1.491,1.491,1750714077356,3481.97703
1000SATS,SELL,LIMIT,IOC,1587845,0.0000360,None,FILLED,1587845,1587845,1750714077438,57.162420000000004
SXT,SELL,LIMIT,IOC,625,0.0703200,None,FILLED,625,625,1750714078461,43.949999999999996
SOL,SELL,LIMIT,IOC,0.45,139.9800,None,FILLED,0.45,0.45,1750714079269,62.991
BTC,SELL,LIMIT,IOC,0.001,103280.00,None,FILLED,0.001,0.001,1750714079454,103.28
BTCUSDC,SELL,LIMIT,IOC,0.043,103346.0,None,FILLED,0.043,0.043,1750714079523,4443.878
AEVO,SELL,LIMIT,IOC,47360.5,0.0764000,None,FILLED,47360.5,47360.5,1750714080135,3618.3421999999996
ETH,SELL,LIMIT,IOC,100.480,2334.29,None,FILLED,10.473,100.480,1750714090038,234549.4592
PROM,SELL,LIMIT,IOC,3.3,4.0760000,None,FILLED,3.3,3.3,1750714094466,13.450799999999997
MYX,SELL,LIMIT,IOC,11450,0.0852800,None,FILLED,1420,11450,1750714095105,976.4559999999999
PROM,SELL,LIMIT,IOC,17.3,4.0700000,None,FILLED,17.3,17.3,1750714101210,70.411
MYX,SELL,LIMIT,IOC,3877,0.0851500,None,FILLED,136,3877,1750714101333,330.12655
PROM,SELL,LIMIT,IOC,31.5,4.0640000,None,FILLED,31.5,31.5,1750714103204,128.016
BID,BUY,LIMIT,IOC,6160,0.1323400,None,FILLED,6160,6160,1750714104527,815.2144000000001
BR,BUY,LIMIT,IOC,2158,0.0504400,None,FILLED,2158,2158,1750714105580,108.84952
PROM,SELL,LIMIT,IOC,253.5,4.0600000,None,FILLED,6.3,253.5,1750714106295,1029.2099999999998
HIPPO,BUY,LIMIT,IOC,968834,0.0017890,None,FILLED,114213,968834,1750714108422,1733.244026
BR,BUY,LIMIT,IOC,27845,0.0506100,None,FILLED,8283,27845,1750714110386,1409.2354500000001
HIPPO,BUY,LIMIT,IOC,14723,0.0017970,None,FILLED,3183,14723,1750714111041,26.457231
SPK,SELL,LIMIT,IOC,205464,0.0482700,None,FILLED,7317,205464,1750714112082,9917.74728
ALT,SELL,LIMIT,IOC,43836,0.0277200,None,FILLED,35265,43836,1750714123082,1215.13392
BTC,SELL,LIMIT,IOC,0.009,103286.80,None,FILLED,0.009,0.009,1750714136580,929.5812
ETH,SELL,LIMIT,IOC,0.332,2334.30,None,FILLED,0.332,0.332,1750714136580,774.9876000000002
ETHUSDC,SELL,LIMIT,IOC,0.100,2335.21,None,FILLED,0.080,0.100,1750714137133,233.52100000000002
ETH,SELL,LIMIT,IOC,0.050,2333.14,None,FILLED,0.050,0.050,1750714139197,116.657
BTCUSDC,SELL,LIMIT,IOC,0.004,103328.4,None,FILLED,0.004,0.004,1750714140521,413.3136
BTC,SELL,LIMIT,IOC,0.003,103253.60,None,FILLED,0.003,0.003,1750714142058,309.7608
ETH,SELL,LIMIT,IOC,0.838,2332.78,None,FILLED,0.055,0.838,1750714142086,1954.8696400000001
VIRTUAL,SELL,LIMIT,IOC,111.5,1.5800000,None,FILLED,65.2,111.5,1750714142087,176.17000000000002
ARC,SELL,LIMIT,IOC,6765,0.0249800,None,FILLED,2052,6765,1750714142284,168.9897
ETH,SELL,LIMIT,IOC,0.050,2332.67,None,FILLED,0.050,0.050,1750714143413,116.63350000000001
BTC,SELL,LIMIT,IOC,0.005,103243.50,None,FILLED,0.005,0.005,1750714143464,516.2175
SOL,SELL,LIMIT,IOC,11.30,139.9000,None,FILLED,2.42,11.30,1750714161556,1580.8700000000001
FUN,BUY,LIMIT,IOC,450840,0.0102080,None,FILLED,13142,450840,1750714167083,4602.17472
BR,BUY,LIMIT,IOC,7278,0.0509400,None,FILLED,7278,7278,1750714169195,370.74132
FUN,BUY,LIMIT,IOC,6955,0.0101950,None,FILLED,6955,6955,1750714169253,70.90622499999999
BR,BUY,LIMIT,IOC,20691,0.0511600,None,FILLED,20691,20691,1750714171060,1058.5515599999999
BR,BUY,LIMIT,IOC,7266,0.0525700,None,FILLED,7106,7266,1750714172065,381.97362
BANANAS31,BUY,LIMIT,IOC,7885,0.0089720,None,FILLED,7885,7885,1750714172389,70.74422000000001
TUT,BUY,LIMIT,IOC,473,0.0458100,None,FILLED,473,473,1750714172389,21.668129999999998
DOLO,BUY,LIMIT,IOC,1405,0.0369920,None,FILLED,185,1405,1750714172389,51.97376
BR,BUY,LIMIT,IOC,743,0.0530600,None,FILLED,743,743,1750714174057,39.42358
SOL,BUY,LIMIT,IOC,4.25,141.2800,None,FILLED,4.25,4.25,1750714174289,600.44
1000000BOB,SELL,LIMIT,IOC,452,0.0375200,None,FILLED,452,452,1750714174476,16.959039999999998
FUN,BUY,LIMIT,IOC,67005,0.0102310,None,FILLED,3738,67005,1750714185179,685.5281550000001
SOPH,SELL,LIMIT,IOC,11368,0.0367090,None,FILLED,1360,11368,1750714200062,417.307912
FARTCOIN,SELL,LIMIT,IOC,537.1,0.9738000,None,FILLED,309.9,537.1,1750714204607,523.0279800000001
LQTY,BUY,LIMIT,IOC,22.0,1.386100,None,FILLED,22.0,22.0,1750714206398,30.494200000000003
WIF,SELL,LIMIT,IOC,1621.0,0.7589000,None,FILLED,1621.0,1621.0,1750714207260,1230.1769
CHILLGUY,SELL,LIMIT,IOC,24749,0.0471500,None,FILLED,251,24749,1750714207260,1166.91535
FUN,BUY,LIMIT,IOC,7816,0.0102460,None,FILLED,6625,7816,1750714208094,80.082736
BID,SELL,LIMIT,IOC,2245,0.1272700,None,FILLED,202,2245,1750714211344,285.72114999999997
FUN,BUY,LIMIT,IOC,123467,0.0102590,None,FILLED,5913,123467,1750714214158,1266.6479530000001
FARTCOIN,SELL,LIMIT,IOC,2368.7,0.9734000,None,FILLED,542.4,2368.7,1750714226545,2305.69258
BANANAS31,SELL,LIMIT,IOC,1688,0.0087630,None,FILLED,77,1688,1750714227524,14.791943999999999
DEXE,SELL,LIMIT,IOC,147.42,7.833000,None,FILLED,2.37,147.42,1750714229327,1154.7408599999999
HIPPO,SELL,LIMIT,IOC,41878,0.0017440,None,FILLED,2004,41878,1750714232527,73.03523200000001
FARTCOIN,SELL,LIMIT,IOC,83.6,0.9730000,None,FILLED,83.6,83.6,1750714236323,81.3428
FARTCOIN,SELL,LIMIT,IOC,423.3,0.9724000,None,FILLED,423.3,423.3,1750714242156,411.61692000000005
ETH,SELL,LIMIT,IOC,0.061,2332.04,None,FILLED,0.061,0.061,1750714242190,142.25444
GRIFFAIN,SELL,LIMIT,IOC,19521,0.0381900,None,FILLED,2296,19521,1750714254367,745.5069900000001
ETH,SELL,LIMIT,IOC,0.033,2331.72,None,FILLED,0.033,0.033,1750714256142,76.94676
ETH,SELL,LIMIT,IOC,0.500,2331.51,None,FILLED,0.500,0.500,1750714257273,1165.755
AERGO,BUY,LIMIT,IOC,38034,0.1337900,None,FILLED,2023,38034,1750714261215,5088.568859999999
JELLYJELLY,BUY,LIMIT,IOC,60000,0.0314500,None,FILLED,1078,60000,1750714261500,1887.0
IO,BUY,LIMIT,IOC,2000.0,0.6914000,None,FILLED,1562.1,2000.0,1750714261500,1382.8
AERGO,BUY,LIMIT,IOC,71,0.1343600,None,FILLED,71,71,1750714263054,9.53956
BR,BUY,LIMIT,IOC,374,0.0535700,None,FILLED,374,374,1750714276080,20.03518
AERGO,BUY,LIMIT,IOC,3167,0.1345000,None,FILLED,552,3167,1750714276360,425.9615
BR,BUY,LIMIT,IOC,21267,0.0537400,None,FILLED,21267,21267,1750714277227,1142.88858
BR,BUY,LIMIT,IOC,98719,0.0540700,None,FILLED,8165,98719,1750714278451,5337.73633
BR,BUY,LIMIT,IOC,5879,0.0545800,None,FILLED,1110,5879,1750714279526,320.87582
BR,BUY,LIMIT,IOC,482,0.0550600,None,FILLED,10,482,1750714281131,26.538919999999997
PROM,SELL,LIMIT,IOC,16.8,4.0430000,None,FILLED,8.1,16.8,1750714288329,67.92240000000001
BR,BUY,LIMIT,IOC,418,0.0552800,None,FILLED,418,418,1750714291152,23.10704
ETH,BUY,LIMIT,IOC,0.018,2353.11,None,FILLED,0.018,0.018,1750714291152,42.35598
ROSE,BUY,LIMIT,IOC,19656,0.02316,None,FILLED,19656,19656,1750714291323,455.23296
BR,BUY,LIMIT,IOC,32196,0.0555200,None,FILLED,2829,32196,1750714292151,1787.52192
BR,BUY,LIMIT,IOC,10466,0.0556600,None,FILLED,10257,10466,1750714294040,582.53756
SUI,BUY,LIMIT,IOC,249.9,2.733200,None,FILLED,249.9,249.9,1750714294151,683.02668
BR,BUY,LIMIT,IOC,11347,0.0561900,None,FILLED,186,11347,1750714296046,637.5879299999999
BR,BUY,LIMIT,IOC,4385,0.0568700,None,FILLED,269,4385,1750714303218,249.37494999999998
BR,BUY,LIMIT,IOC,419310,0.0575825,None,FILLED,1070,419310,1750714304920,24144.918075
BR,BUY,LIMIT,IOC,10475,0.0573100,None,FILLED,6849,10475,1750714306052,600.32225
MOVE,BUY,LIMIT,IOC,630,0.1624000,None,FILLED,244,630,1750714306395,102.312
BR,BUY,LIMIT,IOC,1208,0.0575100,None,FILLED,1208,1208,1750714308120,69.47208
MYX,BUY,LIMIT,IOC,66,0.0879100,None,FILLED,66,66,1750714308471,5.80206
BR,BUY,LIMIT,IOC,40000,0.0577600,None,FILLED,38,40000,1750714310212,2310.4
BR,BUY,LIMIT,IOC,14305,0.0582400,None,FILLED,14305,14305,1750714312221,833.1232
BR,BUY,LIMIT,IOC,96146,0.0584500,None,FILLED,2723,96146,1750714319185,5619.7337
BR,BUY,LIMIT,IOC,1513,0.0589200,None,FILLED,1513,1513,1750714320319,89.14596
OP,BUY,LIMIT,IOC,85.0,0.5339000,None,FILLED,85.0,85.0,1750714320567,45.3815
BR,BUY,LIMIT,IOC,75828,0.0590800,None,FILLED,847,75828,1750714325177,4479.91824
BID,BUY,LIMIT,IOC,602,0.1312900,None,FILLED,510,602,1750714325564,79.03658
FUN,BUY,LIMIT,IOC,2441,0.0102540,None,FILLED,2441,2441,1750714325564,25.030013999999998
SYRUP,SELL,LIMIT,IOC,600,0.4725900,None,FILLED,45,600,1750714326058,283.55400000000003
BR,BUY,LIMIT,IOC,169730,0.0595900,None,FILLED,5088,169730,1750714326477,10114.2107
FUN,BUY,LIMIT,IOC,1599,0.0102870,None,FILLED,176,1599,1750714327598,16.448912999999997
BR,BUY,LIMIT,IOC,83817,0.0596700,None,FILLED,12,83817,1750714328349,5001.36039
FUN,BUY,LIMIT,IOC,81826,0.0103070,None,FILLED,9035,81826,1750714330103,843.380582
FUN,BUY,LIMIT,IOC,506,0.0103110,None,FILLED,506,506,1750714334108,5.217366
SEI,BUY,LIMIT,IOC,1796,0.2323000,None,FILLED,1796,1796,1750714334182,417.2108
FUN,BUY,LIMIT,IOC,915,0.0103250,None,FILLED,915,915,1750714338065,9.447375000000001
MYX,BUY,LIMIT,IOC,2047,0.0882100,None,FILLED,2047,2047,1750714338095,180.56587
FUN,BUY,LIMIT,IOC,13866,0.0103280,None,FILLED,13866,13866,1750714340340,143.20804800000002
SYRUP,SELL,LIMIT,IOC,71,0.4716500,None,FILLED,70,71,1750714344242,33.48715
BR,BUY,LIMIT,IOC,14460,0.0606500,None,FILLED,8754,14460,1750714344259,876.999
TRX,SELL,LIMIT,IOC,5334,0.27139,None,FILLED,12,5334,1750714345110,1447.59426
TRUMP,BUY,LIMIT,IOC,222.59,9.052000,None,FILLED,206.31,222.59,1750714345110,2014.88468
BR,BUY,LIMIT,IOC,13012,0.0616800,None,FILLED,516,13012,1750714345268,802.58016
MYX,BUY,LIMIT,IOC,5490,0.0882900,None,FILLED,362,5490,1750714345268,484.71209999999996
1000000BOB,BUY,LIMIT,IOC,20320,0.0386200,None,FILLED,836,20320,1750714345268,784.7584
SPK,BUY,LIMIT,IOC,1751,0.0494400,None,FILLED,1751,1751,1750714345268,86.56944
SOL,BUY,LIMIT,IOC,9.00,141.5100,None,FILLED,9.00,9.00,1750714345324,1273.59
XRP,SELL,LIMIT,IOC,83.0,2.0702,None,FILLED,83.0,83.0,1750714345324,171.82659999999998
1000SHIB,SELL,LIMIT,IOC,14443,0.011208,None,FILLED,14443,14443,1750714345324,161.877144
HIVE,BUY,LIMIT,IOC,16,0.1993100,None,FILLED,16,16,1750714346157,3.18896
STO,BUY,LIMIT,IOC,9048,0.0716800,None,FILLED,319,9048,1750714346161,648.5606399999999
1000PEPE,BUY,LIMIT,IOC,12248,0.0095729,None,FILLED,12248,12248,1750714346227,117.2488792
BR,BUY,LIMIT,IOC,31390,0.0621200,None,FILLED,458,31390,1750714346278,1949.9468
HOME,BUY,LIMIT,IOC,2277,0.0206510,None,FILLED,2277,2277,1750714346284,47.022327
BR,BUY,LIMIT,IOC,323,0.0630500,None,FILLED,30,323,1750714347338,20.36515
FUN,BUY,LIMIT,IOC,912,0.0103520,None,FILLED,912,912,1750714350424,9.441024
BR,BUY,LIMIT,IOC,4910,0.0632700,None,FILLED,4910,4910,1750714351196,310.6557
FUN,BUY,LIMIT,IOC,23626,0.0103580,None,FILLED,14312,23626,1750714351439,244.71810799999997
WCT,SELL,LIMIT,IOC,290,0.3185000,None,FILLED,290,290,1750714351439,92.365
BANANAS31,BUY,LIMIT,IOC,18456,0.0089370,None,FILLED,16782,18456,1750714351439,164.941272
MYX,BUY,LIMIT,IOC,1367,0.0881200,None,FILLED,1367,1367,1750714351439,120.46004
SPK,SELL,LIMIT,IOC,4033,0.0485500,None,FILLED,3469,4033,1750714351439,195.80215
AIOT,SELL,LIMIT,IOC,591,0.1543000,None,FILLED,191,591,1750714351439,91.1913
UNIUSDC,SELL,LIMIT,IOC,162,6.6510,None,FILLED,105,162,1750714351542,1077.462
ATOM,SELL,LIMIT,IOC,623.61,3.982,None,FILLED,31.24,623.61,1750714351542,2483.21502
SOL,BUY,LIMIT,IOC,0.70,141.2400,None,FILLED,0.70,0.70,1750714352111,98.868
ETH,BUY,LIMIT,IOC,0.057,2353.71,None,FILLED,0.057,0.057,1750714352142,134.16147
BID,BUY,LIMIT,IOC,4973,0.1306400,None,FILLED,573,4973,1750714352235,649.67272
MOVE,BUY,LIMIT,IOC,6218,0.1612000,None,FILLED,3812,6218,1750714352326,1002.3416000000001
LTCUSDC,SELL,LIMIT,IOC,5.358,83.23,None,FILLED,5.358,5.358,1750714352326,445.94634
ETHUSDC,SELL,LIMIT,IOC,0.147,2339.30,None,FILLED,0.147,0.147,1750714352326,343.8771
FARTCOIN,BUY,LIMIT,IOC,48.4,0.9953000,None,FILLED,48.4,48.4,1750714352424,48.17252
FUN,BUY,LIMIT,IOC,26814,0.0104260,None,FILLED,3294,26814,1750714352445,279.56276399999996
EPT,SELL,LIMIT,IOC,12476,0.0048020,None,FILLED,1625,12476,1750714352548,59.909752
BR,BUY,LIMIT,IOC,41849,0.0637900,None,FILLED,41849,41849,1750714353084,2669.54771
LQTY,BUY,LIMIT,IOC,3337.2,1.390200,None,FILLED,338.9,3337.2,1750714353449,4639.37544
FUN,BUY,LIMIT,IOC,946,0.0105040,None,FILLED,946,946,1750714354105,9.936784
PLUME,BUY,LIMIT,IOC,6186,0.0912000,None,FILLED,4077,6186,1750714354189,564.1632000000001
DOGE,BUY,LIMIT,IOC,1479,0.159490,None,FILLED,10,1479,1750714354218,235.88571
SUI,BUY,LIMIT,IOC,98.9,2.728800,None,FILLED,98.9,98.9,1750714354218,269.87832000000003
FARTCOIN,BUY,LIMIT,IOC,123.1,0.9959000,None,FILLED,123.1,123.1,1750714354218,122.59528999999999
BR,BUY,LIMIT,IOC,34491,0.0640400,None,FILLED,34491,34491,1750714354240,2208.80364
FUN,BUY,LIMIT,IOC,63000,0.0105210,None,FILLED,10693,63000,1750714355116,662.8230000000001
ZKJ,BUY,LIMIT,IOC,740.5,0.248700,None,FILLED,213.2,740.5,1750714355181,184.16235
BR,BUY,LIMIT,IOC,9838,0.0643900,None,FILLED,467,9838,1750714355258,633.46882
ETH,BUY,LIMIT,IOC,0.050,2354.32,None,FILLED,0.050,0.050,1750714355381,117.71600000000001
BTC,BUY,LIMIT,IOC,0.001,104195.80,None,FILLED,0.001,0.001,1750714355381,104.1958
BR,BUY,LIMIT,IOC,1376,0.0652200,None,FILLED,1376,1376,1750714357092,89.74272
FUN,SELL,LIMIT,IOC,770,0.0102850,None,FILLED,770,770,1750714357643,7.91945
BTC,BUY,LIMIT,IOC,0.003,104115.90,None,FILLED,0.003,0.003,1750714357643,312.3477
ETH,SELL,LIMIT,IOC,0.044,2337.91,None,FILLED,0.044,0.044,1750714357643,102.86804
ZRO,BUY,LIMIT,IOC,1196.8,1.7313000,None,FILLED,85.8,1196.8,1750714361440,2072.01984
AERGO,BUY,LIMIT,IOC,797,0.1352300,None,FILLED,195,797,1750714364075,107.77830999999999
BR,BUY,LIMIT,IOC,26307,0.0658600,None,FILLED,4051,26307,1750714364178,1732.5790200000001
BR,BUY,LIMIT,IOC,1281,0.0660100,None,FILLED,1281,1281,1750714365260,84.55881
BR,BUY,LIMIT,IOC,22222,0.0664600,None,FILLED,8565,22222,1750714366332,1476.8741200000002
BR,BUY,LIMIT,IOC,942,0.0667600,None,FILLED,724,942,1750714367346,62.88792
BR,BUY,LIMIT,IOC,1260,0.0670900,None,FILLED,1260,1260,1750714369055,84.5334
PLUME,BUY,LIMIT,IOC,54685,0.0917000,None,FILLED,54685,54685,1750714369303,5014.614500000001
BR,BUY,LIMIT,IOC,8788,0.0675300,None,FILLED,8788,8788,1750714370080,593.4536400000001
BR,BUY,LIMIT,IOC,4453,0.0639300,None,FILLED,4453,4453,1750714371269,284.68029
BR,BUY,LIMIT,IOC,1516,0.0693000,None,FILLED,1516,1516,1750714372367,105.0588
ALT,BUY,LIMIT,IOC,100000,0.0287200,None,FILLED,14826,100000,1750714373352,2872.0
TST,BUY,LIMIT,IOC,40000,0.0460800,None,FILLED,99,40000,1750714373352,1843.2
AERGO,BUY,LIMIT,IOC,10349,0.1353700,None,FILLED,1116,10349,1750714375409,1400.9441299999999
SYRUP,SELL,LIMIT,IOC,614,0.4708700,None,FILLED,31,614,1750714376327,289.11418000000003
AERGO,BUY,LIMIT,IOC,7945,0.1353800,None,FILLED,6590,7945,1750714381420,1075.5941
BID,BUY,LIMIT,IOC,6413,0.1313200,None,FILLED,300,6413,1750714381420,842.1551599999999
BR,SELL,LIMIT,IOC,9217,0.0644400,None,FILLED,1862,9217,1750714383167,593.94348
FUN,SELL,LIMIT,IOC,1239,0.0101410,None,FILLED,1239,1239,1750714384287,12.564699000000001
BR,BUY,LIMIT,IOC,6526,0.0675700,None,FILLED,592,6526,1750714385046,440.96182000000005
BID,BUY,LIMIT,IOC,9326,0.1319400,None,FILLED,29,9326,1750714387184,1230.47244
BID,BUY,LIMIT,IOC,508,0.1320600,None,FILLED,408,508,1750714388525,67.08648000000001
BR,SELL,LIMIT,IOC,3749,0.0660000,None,FILLED,3749,3749,1750714392536,247.434
BR,BUY,LIMIT,IOC,311,0.0697900,None,FILLED,311,311,1750714396568,21.704690000000003
ETH,SELL,LIMIT,IOC,0.159,2347.56,None,FILLED,0.159,0.159,1750714397243,373.26204
PAXG,SELL,LIMIT,IOC,0.150,3368.7800,None,FILLED,0.150,0.150,1750714397551,505.317
BTCDOM,SELL,LIMIT,IOC,0.130,5579.0,None,FILLED,0.006,0.130,1750714397551,725.27
BR,BUY,LIMIT,IOC,59029,0.0707200,None,FILLED,59029,59029,1750714397587,4174.53088
B,BUY,LIMIT,IOC,5000,0.3309500,None,FILLED,633,5000,1750714398132,1654.75
AERGO,BUY,LIMIT,IOC,6920,0.1351500,None,FILLED,83,6920,1750714398465,935.2379999999999
IP,BUY,LIMIT,IOC,255.1,3.242130,None,FILLED,16.1,255.1,1750714398465,827.067363
FUN,BUY,LIMIT,IOC,246670,0.0104438,None,FILLED,201429,246670,1750714399143,2576.172146
MYX,BUY,LIMIT,IOC,32328,0.0886064,None,FILLED,175,32328,1750714399143,2864.4676992
BANK,BUY,LIMIT,IOC,30303,0.0515486,None,FILLED,1542,30303,1750714399143,1562.0772258
MOVE,BUY,LIMIT,IOC,20513,0.1620302,None,FILLED,10647,20513,1750714399143,3323.7254926
BR,BUY,LIMIT,IOC,83554,0.0720206,None,FILLED,461,83554,1750714399143,6017.609212400001
BR,BUY,LIMIT,IOC,440,0.0730700,None,FILLED,410,440,1750714401338,32.1508
BANK,BUY,LIMIT,IOC,640,0.0515660,None,FILLED,106,640,1750714402040,33.00224
BR,BUY,LIMIT,IOC,33189,0.0733200,None,FILLED,3407,33189,1750714402629,2433.41748
SYRUP,SELL,LIMIT,IOC,63,0.4699400,None,FILLED,63,63,1750714403255,29.60622
BR,BUY,LIMIT,IOC,402,0.0736241,None,FILLED,104,402,1750714403845,29.5968882
MAGIC,SELL,LIMIT,IOC,3995.3,0.140400,None,FILLED,3254.3,3995.3,1750714404408,560.94012
VIRTUAL,SELL,LIMIT,IOC,479.5,1.5793000,None,FILLED,189.3,479.5,1750714409430,757.2743499999999
BR,SELL,LIMIT,IOC,43998,0.0692800,None,FILLED,43998,43998,1750714412194,3048.18144
BTC,SELL,LIMIT,IOC,0.015,103234.40,None,FILLED,0.015,0.015,1750714416068,1548.5159999999998
ZKJ,BUY,LIMIT,IOC,9178.4,0.252000,None,FILLED,2093.2,9178.4,1750714420190,2312.9568
BANK,BUY,LIMIT,IOC,3557,0.0519920,None,FILLED,700,3557,1750714422083,184.935544
F,SELL,LIMIT,IOC,2000,0.0085980,None,FILLED,2000,2000,1750714422539,17.195999999999998
MYX,BUY,LIMIT,IOC,100,0.0888500,None,FILLED,100,100,1750714422539,8.885
SPK,SELL,LIMIT,IOC,250,0.0483300,None,FILLED,250,250,1750714422539,12.0825
AVAX,SELL,LIMIT,IOC,7,17.4130,None,FILLED,1,7,1750714427383,121.891
BR,SELL,LIMIT,IOC,399,0.0699500,None,FILLED,399,399,1750714429319,27.91005
POPCAT,SELL,LIMIT,IOC,2110,0.2752000,None,FILLED,1565,2110,1750714431226,580.672
PENGU,SELL,LIMIT,IOC,518477,0.0089550,None,FILLED,13542,518477,1750714431257,4642.9615349999995
BANANAS31,SELL,LIMIT,IOC,4734,0.0087450,None,FILLED,4734,4734,1750714434147,41.39883
BR,BUY,LIMIT,IOC,73,0.0719700,None,FILLED,73,73,1750714442609,5.2538100000000005
BTC,SELL,LIMIT,IOC,0.050,103209.40,None,FILLED,0.050,0.050,1750714443025,5160.47
DASH,SELL,LIMIT,IOC,117.368,18.97,None,FILLED,59.426,117.368,1750714443201,2226.4709599999996
POPCAT,SELL,LIMIT,IOC,2634,0.2750000,None,FILLED,159,2634,1750714444311,724.35
ZKJ,BUY,LIMIT,IOC,83.8,0.253000,None,FILLED,83.8,83.8,1750714445054,21.2014
BR,BUY,LIMIT,IOC,1910,0.0730600,None,FILLED,1910,1910,1750714446195,139.5446
SUI,SELL,LIMIT,IOC,380.9,2.666700,None,FILLED,118.9,380.9,1750714446332,1015.74603
BR,BUY,LIMIT,IOC,37068,0.0735900,None,FILLED,1190,37068,1750714447207,2727.83412
SPX,SELL,LIMIT,IOC,114,1.1635000,None,FILLED,114,114,1750714447209,132.639
BR,BUY,LIMIT,IOC,5408,0.0748100,None,FILLED,11,5408,1750714449174,404.57248
AERO,BUY,LIMIT,IOC,274.5,0.8320000,None,FILLED,197.7,274.5,1750714449370,228.384
JELLYJELLY,BUY,LIMIT,IOC,10901,0.0315100,None,FILLED,2357,10901,1750714449370,343.49051000000003
AERGO,BUY,LIMIT,IOC,2674,0.1348100,None,FILLED,210,2674,1750714449370,360.48194
ZKJ,BUY,LIMIT,IOC,1937.2,0.255300,None,FILLED,1525.3,1937.2,1750714449514,494.56716000000006
MERL,BUY,LIMIT,IOC,464,0.0809500,None,FILLED,40,464,1750714449514,37.5608
HYPE,SELL,LIMIT,IOC,3.78,36.97100,None,FILLED,3.78,3.78,1750714449514,139.75037999999998
BANK,BUY,LIMIT,IOC,26308,0.0521310,None,FILLED,3493,26308,1750714452120,1371.462348
SUI,SELL,LIMIT,IOC,183.7,2.665400,None,FILLED,45.2,183.7,1750714454385,489.63397999999995
SUI,SELL,LIMIT,IOC,5.1,2.664900,None,FILLED,5.1,5.1,1750714456365,13.590989999999998
FUN,SELL,LIMIT,IOC,3201,0.0101020,None,FILLED,158,3201,1750714456579,32.336502
SUIUSDC,SELL,LIMIT,IOC,20.2,2.663200,None,FILLED,20.2,20.2,1750714457561,53.79664
SUI,SELL,LIMIT,IOC,7.0,2.662600,None,FILLED,7.0,7.0,1750714458126,18.638199999999998
1000PEPE,SELL,LIMIT,IOC,215623,0.0094192,None,FILLED,142445,215623,1750714459532,2030.9961616000003
BR,BUY,LIMIT,IOC,10704,0.0739900,None,FILLED,7555,10704,1750714460249,791.98896
FUN,SELL,LIMIT,IOC,4431,0.0100910,None,FILLED,2052,4431,1750714466299,44.713221
BR,BUY,LIMIT,IOC,256,0.0752300,None,FILLED,144,256,1750714476442,19.25888
VIRTUAL,SELL,LIMIT,IOC,28.5,1.5755000,None,FILLED,28.5,28.5,1750714477498,44.90175
BR,BUY,LIMIT,IOC,246,0.0756500,None,FILLED,246,246,1750714482343,18.6099
ETH,SELL,LIMIT,IOC,0.129,2332.60,None,FILLED,0.129,0.129,1750714482346,300.9054
BR,BUY,LIMIT,IOC,1603,0.0757300,None,FILLED,1603,1603,1750714485328,121.39519000000001
KAIA,BUY,LIMIT,IOC,311,0.2010000,None,FILLED,271,311,1750714485547,62.511
ADA,SELL,LIMIT,IOC,150,0.55980,None,FILLED,80,150,1750714485547,83.97
MILK,SELL,LIMIT,IOC,9653,0.0638600,None,FILLED,4934,9653,1750714488068,616.44058
HIPPO,SELL,LIMIT,IOC,106308,0.0017370,None,FILLED,101987,106308,1750714493572,184.656996
REZ,SELL,LIMIT,IOC,35429,0.0080200,None,FILLED,35429,35429,1750714497070,284.14058
TON,SELL,LIMIT,IOC,865.0,2.8346000,None,FILLED,124.9,865.0,1750714501090,2451.929
BR,SELL,LIMIT,IOC,68659,0.0698500,None,FILLED,16380,68659,1750714503091,4795.83115
BR,BUY,LIMIT,IOC,37998,0.0730400,None,FILLED,9454,37998,1750714513322,2775.3739199999995
NEWT,SELL,LIMIT,IOC,273,0.2610000,None,FILLED,148,273,1750714513322,71.253
BR,BUY,LIMIT,IOC,4269,0.0730700,None,FILLED,4269,4269,1750714515158,311.93583
BR,BUY,LIMIT,IOC,5050,0.0732500,None,FILLED,5050,5050,1750714517281,369.91249999999997
BR,BUY,LIMIT,IOC,349,0.0740300,None,FILLED,349,349,1750714519046,25.83647
ETH,SELL,LIMIT,IOC,0.001,2332.72,None,FILLED,0.001,0.001,1750714519152,2.3327199999999997
MOVE,SELL,LIMIT,IOC,758,0.1550000,None,FILLED,758,758,1750714519522,117.49
HIPPO,BUY,LIMIT,IOC,670249,0.0018050,None,FILLED,1992,670249,1750714533607,1209.7994449999999
HYPE,BUY,LIMIT,IOC,133.95,37.78200,None,FILLED,13.26,133.95,1750714543137,5060.898899999999
BR,BUY,LIMIT,IOC,1119,0.0754100,None,FILLED,119,1119,1750714545332,84.38379
ETH,SELL,LIMIT,IOC,0.020,2330.95,None,FILLED,0.020,0.020,1750714550255,46.619
LTC,SELL,LIMIT,IOC,23.420,82.85,None,FILLED,22.776,23.420,1750714551184,1940.347
TRUMP,SELL,LIMIT,IOC,111.95,8.889000,None,FILLED,17.10,111.95,1750714551411,995.1235499999999
BR,BUY,LIMIT,IOC,156,0.0748900,None,FILLED,156,156,1750714551525,11.68284
ETH,SELL,LIMIT,IOC,5.000,2329.87,None,FILLED,5.000,5.000,1750714552150,11649.349999999999
LDO,SELL,LIMIT,IOC,2092,0.679400,None,FILLED,1034,2092,1750714553500,1421.3048000000001
DOGE,SELL,LIMIT,IOC,4090,0.157100,None,FILLED,4090,4090,1750714555325,642.539
LTC,SELL,LIMIT,IOC,2.382,82.82,None,FILLED,0.634,2.382,1750714555444,197.27724
1000PEPE,SELL,LIMIT,IOC,6373,0.0094136,None,FILLED,6373,6373,1750714555929,59.992872799999994
ETH,SELL,LIMIT,IOC,4.441,2329.43,None,FILLED,2.052,4.441,1750714556093,10344.998629999998
ETHUSDC,SELL,LIMIT,IOC,1.136,2330.01,None,FILLED,1.105,1.136,1750714557209,2646.89136
ETH,SELL,LIMIT,IOC,0.306,2329.09,None,FILLED,0.306,0.306,1750714557300,712.70154
BR,BUY,LIMIT,IOC,2493,0.0761800,None,FILLED,1658,2493,1750714560430,189.91674
LQTY,BUY,LIMIT,IOC,347.9,1.380800,None,FILLED,131.8,347.9,1750714561273,480.38032
BR,BUY,LIMIT,IOC,1504,0.0764600,None,FILLED,1504,1504,1750714561431,114.99584
BR,BUY,LIMIT,IOC,29214,0.0770200,None,FILLED,12670,29214,1750714562478,2250.06228
GUN,BUY,LIMIT,IOC,174575,0.0232900,None,FILLED,2335,174575,1750714566196,4065.8517500000003
1000PEPE,SELL,LIMIT,IOC,57271,0.0094124,None,FILLED,713,57271,1750714566313,539.0575603999999
SOL,SELL,LIMIT,IOC,7.05,139.8500,None,FILLED,7.05,7.05,1750714566313,985.9424999999999
UNI,SELL,LIMIT,IOC,197,6.6260,None,FILLED,197,197,1750714566463,1305.3220000000001
BR,BUY,LIMIT,IOC,2387,0.0775700,None,FILLED,305,2387,1750714573117,185.15959
BANANAS31,BUY,LIMIT,IOC,27142,0.0089290,None,FILLED,27142,27142,1750714573502,242.35091799999998
ANIME,SELL,LIMIT,IOC,27655,0.0188000,None,FILLED,9787,27655,1750714573502,519.914
AVAX,SELL,LIMIT,IOC,4,17.3780,None,FILLED,4,4,1750714573502,69.512
BR,BUY,LIMIT,IOC,917,0.0781100,None,FILLED,153,917,1750714575085,71.62687
BR,BUY,LIMIT,IOC,47805,0.0781600,None,FILLED,15158,47805,1750714578189,3736.4388
AERGO,BUY,LIMIT,IOC,6046,0.1354900,None,FILLED,5569,6046,1750714578492,819.17254
AERGO,BUY,LIMIT,IOC,28733,0.1356700,None,FILLED,1079,28733,1750714581488,3898.2061100000005
BR,BUY,LIMIT,IOC,6117,0.0782800,None,FILLED,104,6117,1750714582178,478.83876000000004
BR,SELL,LIMIT,IOC,3258,0.0746000,None,FILLED,118,3258,1750714588370,243.0468
AERGO,BUY,LIMIT,IOC,55217,0.1363900,None,FILLED,257,55217,1750714589469,7531.046630000001
B,BUY,LIMIT,IOC,116,0.3334200,None,FILLED,51,116,1750714593398,38.676719999999996
B,BUY,LIMIT,IOC,710,0.3338000,None,FILLED,534,710,1750714595182,236.998
AERGO,BUY,LIMIT,IOC,9874,0.1412200,None,FILLED,414,9874,1750714598278,1394.4062800000002
ETH,BUY,LIMIT,IOC,0.350,2350.04,None,FILLED,0.349,0.350,1750714598351,822.5139999999999
BTC,SELL,LIMIT,IOC,0.003,103268.90,None,FILLED,0.003,0.003,1750714598351,309.8067
BR,BUY,LIMIT,IOC,138,0.0772800,None,FILLED,138,138,1750714602072,10.66464
AERGO,BUY,LIMIT,IOC,25806,0.1367300,None,FILLED,627,25806,1750714603293,3528.4543799999997
MKR,BUY,LIMIT,IOC,0.219,2001.70,None,FILLED,0.137,0.219,1750714603570,438.3723
BANANAS31,BUY,LIMIT,IOC,13240,0.0089330,None,FILLED,1938,13240,1750714603570,118.27292
HBAR,BUY,LIMIT,IOC,9987,0.14694,None,FILLED,889,9987,1750714608365,1467.4897799999999
AERGO,BUY,LIMIT,IOC,944,0.1369800,None,FILLED,944,944,1750714609484,129.30911999999998
FUN,BUY,LIMIT,IOC,37969,0.0104450,None,FILLED,36301,37969,1750714612120,396.58620499999995
BR,BUY,LIMIT,IOC,30821,0.0786600,None,FILLED,368,30821,1750714626064,2424.37986
AERGO,BUY,LIMIT,IOC,51290,0.1412200,None,FILLED,2059,51290,1750714628699,7243.1738000000005
BR,SELL,LIMIT,IOC,8991,0.0752600,None,FILLED,2746,8991,1750714630440,676.66266
KAIA,BUY,LIMIT,IOC,930,0.2021000,None,FILLED,160,930,1750714631308,187.953
BR,SELL,LIMIT,IOC,6935,0.0734800,None,FILLED,3032,6935,1750714641183,509.58380000000005
BR,SELL,LIMIT,IOC,424,0.0728300,None,FILLED,41,424,1750714643101,30.879920000000002
BR,SELL,LIMIT,IOC,29238,0.0721800,None,FILLED,255,29238,1750714644204,2110.39884
BR,SELL,LIMIT,IOC,9114,0.0718800,None,FILLED,25,9114,1750714645363,655.11432
MYX,BUY,LIMIT,IOC,1968,0.0896400,None,FILLED,837,1968,1750714648049,176.41152
NIL,BUY,LIMIT,IOC,800.0,0.273900,None,FILLED,800.0,800.0,1750714648135,219.11999999999998
WCT,BUY,LIMIT,IOC,500,0.3246000,None,FILLED,44,500,1750714648135,162.3
HOME,BUY,LIMIT,IOC,3000,0.0212790,None,FILLED,443,3000,1750714648135,63.836999999999996
BR,BUY,LIMIT,IOC,12980,0.0767100,None,FILLED,378,12980,1750714648336,995.6958
FUN,BUY,LIMIT,IOC,313741,0.0104790,None,FILLED,81000,313741,1750714664171,3287.6919390000003
FUN,BUY,LIMIT,IOC,1335,0.0105020,None,FILLED,1335,1335,1750714674063,14.020169999999998
MYX,BUY,LIMIT,IOC,218,0.0897700,None,FILLED,218,218,1750714674509,19.569860000000002
FUN,BUY,LIMIT,IOC,79737,0.0105077,None,FILLED,10523,79737,1750714675743,837.8524749
FUN,BUY,LIMIT,IOC,2397943,0.0105810,None,FILLED,20977,2397943,1750714678372,25372.634883
BID,BUY,LIMIT,IOC,1475,0.1324200,None,FILLED,1205,1475,1750714681405,195.3195
FUN,BUY,LIMIT,IOC,11967,0.0105090,None,FILLED,4335,11967,1750714681405,125.761203
NXPC,BUY,LIMIT,IOC,1165,0.9754000,None,FILLED,1149,1165,1750714684073,1136.3410000000001
MOVE,SELL,LIMIT,IOC,309,0.1549000,None,FILLED,309,309,1750714686358,47.8641
NXPC,BUY,LIMIT,IOC,724,0.9763300,None,FILLED,17,724,1750714686380,706.86292
MOVE,SELL,LIMIT,IOC,75,0.1548000,None,FILLED,75,75,1750714687518,11.61
MOVE,SELL,LIMIT,IOC,138,0.1545000,None,FILLED,14,138,1750714690542,21.321
BANK,BUY,LIMIT,IOC,105328,0.0526240,None,FILLED,28585,105328,1750714703264,5542.780672
LQTY,SELL,LIMIT,IOC,2.4,1.334000,None,FILLED,2.4,2.4,1750714704093,3.2016
BR,SELL,LIMIT,IOC,618,0.0732100,None,FILLED,178,618,1750714705180,45.24378
LQTY,SELL,LIMIT,IOC,910.7,1.331700,None,FILLED,305.1,910.7,1750714706210,1212.7791900000002
BANK,BUY,LIMIT,IOC,444,0.0526170,None,FILLED,444,444,1750714707583,23.361947999999998
BANK,BUY,LIMIT,IOC,127,0.0527070,None,FILLED,127,127,1750714711184,6.693789
BR,BUY,LIMIT,IOC,632,0.0763000,None,FILLED,632,632,1750714712193,48.2216
BANK,BUY,LIMIT,IOC,126,0.0527680,None,FILLED,126,126,1750714713366,6.6487680000000005
MOODENG,SELL,LIMIT,IOC,2810,0.1422100,None,FILLED,2810,2810,1750714714358,399.6101
SPK,BUY,LIMIT,IOC,513,0.0496100,None,FILLED,513,513,1750714714496,25.449930000000002
SPX,SELL,LIMIT,IOC,254,1.1638000,None,FILLED,51,254,1750714721257,295.60519999999997
BR,BUY,LIMIT,IOC,867,0.0772100,None,FILLED,867,867,1750714726068,66.94107
MOODENG,SELL,LIMIT,IOC,414,0.1421800,None,FILLED,414,414,1750714735220,58.86252
BR,BUY,LIMIT,IOC,2760,0.0774100,None,FILLED,2760,2760,1750714743347,213.65160000000003
BR,BUY,LIMIT,IOC,4998,0.0777200,None,FILLED,1113,4998,1750714745249,388.44455999999997
BR,BUY,LIMIT,IOC,1987,0.0781300,None,FILLED,987,1987,1750714756541,155.24431
BR,BUY,LIMIT,IOC,1600,0.0785300,None,FILLED,602,1600,1750714759059,125.64800000000001
BR,BUY,LIMIT,IOC,672,0.0788200,None,FILLED,395,672,1750714760072,52.96704
DOLO,BUY,LIMIT,IOC,194,0.0370800,None,FILLED,16,194,1750714760150,7.19352
HAEDAL,BUY,LIMIT,IOC,2458,0.1363410,None,FILLED,20,2458,1750714760150,335.126178
BR,BUY,LIMIT,IOC,387,0.0793200,None,FILLED,387,387,1750714761184,30.69684
MYX,BUY,LIMIT,IOC,45783,0.0900100,None,FILLED,338,45783,1750714775349,4120.9278300000005
MERL,BUY,LIMIT,IOC,9219,0.0811500,None,FILLED,1333,9219,1750714775350,748.12185
MILK,BUY,LIMIT,IOC,4666,0.0653900,None,FILLED,4666,4666,1750714775350,305.10974000000004
HAEDAL,BUY,LIMIT,IOC,47299,0.1369680,None,FILLED,3591,47299,1750714780449,6478.449432
BR,SELL,LIMIT,IOC,4172,0.0754200,None,FILLED,1559,4172,1750714799064,314.65224
BR,SELL,LIMIT,IOC,113,0.0753200,None,FILLED,113,113,1750714800412,8.51116
MYX,BUY,LIMIT,IOC,1830,0.0900800,None,FILLED,1830,1830,1750714806302,164.8464
XCN,SELL,LIMIT,IOC,56422,0.0137300,None,FILLED,39797,56422,1750714809634,774.6740599999999
BR,BUY,LIMIT,IOC,10674,0.0788100,None,FILLED,245,10674,1750714810490,841.21794
MYX,BUY,LIMIT,IOC,677,0.0903400,None,FILLED,58,677,1750714818101,61.160180000000004
BID,BUY,LIMIT,IOC,161,0.1326800,None,FILLED,161,161,1750714827427,21.36148
BID,BUY,LIMIT,IOC,20316,0.1327700,None,FILLED,2123,20316,1750714832099,2697.35532
BR,BUY,LIMIT,IOC,304,0.0788700,None,FILLED,73,304,1750714834066,23.97648
HYPE,SELL,LIMIT,IOC,0.56,36.72200,None,FILLED,0.56,0.56,1750714846334,20.564320000000002
HYPE,SELL,LIMIT,IOC,2.63,36.65100,None,FILLED,2.09,2.63,1750714851062,96.39213000000001
HYPE,SELL,LIMIT,IOC,125.16,36.59600,None,FILLED,125.16,125.16,1750714855415,4580.35536
FARTCOIN,SELL,LIMIT,IOC,200.0,0.9714000,None,FILLED,59.3,200.0,1750714856061,194.28
BANK,BUY,LIMIT,IOC,251,0.0530640,None,FILLED,251,251,1750714856104,13.319064000000001
BANK,BUY,LIMIT,IOC,251,0.0530810,None,FILLED,251,251,1750714859218,13.323331000000001
BR,SELL,LIMIT,IOC,58573,0.0753500,None,FILLED,37697,58573,1750714880170,4413.47555
BR,BUY,LIMIT,IOC,16968,0.0779200,None,FILLED,6096,16968,1750714885396,1322.1465600000001
SKATE,BUY,LIMIT,IOC,1298,0.0400200,None,FILLED,1298,1298,1750714888120,51.94596
FUN,BUY,LIMIT,IOC,22969,0.0105310,None,FILLED,18649,22969,1750714890141,241.886539
MYX,BUY,LIMIT,IOC,1299,0.0900600,None,FILLED,1299,1299,1750714890141,116.98794
BANANAS31,BUY,LIMIT,IOC,75192,0.0089620,None,FILLED,75192,75192,1750714891179,673.8707039999999
SPK,BUY,LIMIT,IOC,13071,0.0498500,None,FILLED,213,13071,1750714891179,651.58935
MOVE,BUY,LIMIT,IOC,2115,0.1614000,None,FILLED,2115,2115,1750714891179,341.361
S,BUY,LIMIT,IOC,1068,0.3084000,None,FILLED,424,1068,1750714891179,329.3712
HAEDAL,BUY,LIMIT,IOC,2377,0.1370450,None,FILLED,722,2377,1750714891179,325.755965
TUT,BUY,LIMIT,IOC,7057,0.0461800,None,FILLED,7057,7057,1750714891179,325.89225999999996
B2,BUY,LIMIT,IOC,1643,0.3806000,None,FILLED,85,1643,1750714891179,625.3258
NEIROETH,BUY,LIMIT,IOC,3739,0.0854700,None,FILLED,681,3739,1750714891179,319.57233
BANK,BUY,LIMIT,IOC,6006,0.0530830,None,FILLED,4638,6006,1750714891179,318.81649799999997
FORM,BUY,LIMIT,IOC,116.7,2.684100,None,FILLED,23.2,116.7,1750714891179,313.23447
HUMA,BUY,LIMIT,IOC,6865,0.0378310,None,FILLED,172,6865,1750714891179,259.709815
BMT,BUY,LIMIT,IOC,2182,0.1419000,None,FILLED,675,2182,1750714891179,309.62579999999997
FLM,BUY,LIMIT,IOC,2786,0.0336,None,FILLED,912,2786,1750714891179,93.6096
HOME,BUY,LIMIT,IOC,14325,0.0212750,None,FILLED,14325,14325,1750714891179,304.764375
MYX,BUY,LIMIT,IOC,6762,0.0900700,None,FILLED,623,6762,1750714891180,609.0533399999999
NEWT,BUY,LIMIT,IOC,813,0.3178000,None,FILLED,263,813,1750714891180,258.3714
FUN,BUY,LIMIT,IOC,565828,0.0105430,None,FILLED,219334,565828,1750714891180,5965.524604
BID,BUY,LIMIT,IOC,328,0.1327000,None,FILLED,328,328,1750714892174,43.525600000000004
LQTY,SELL,LIMIT,IOC,95.6,1.332000,None,FILLED,54.2,95.6,1750714892174,127.3392
FUN,BUY,LIMIT,IOC,20822,0.0105410,None,FILLED,1239,20822,1750714892555,219.484702
BANANA,BUY,LIMIT,IOC,6.6,16.7120000,None,FILLED,6.2,6.6,1750714892555,110.2992
FUN,BUY,LIMIT,IOC,36237,0.0105490,None,FILLED,35659,36237,1750714898515,382.26411299999995
B,BUY,LIMIT,IOC,7506,0.3349300,None,FILLED,106,7506,1750714905336,2513.98458
FUN,BUY,LIMIT,IOC,969,0.0105520,None,FILLED,389,969,1750714907097,10.224888
FUN,BUY,LIMIT,IOC,2744,0.0105680,None,FILLED,2744,2744,1750714909056,28.998592
MOVE,SELL,LIMIT,IOC,125,0.1551000,None,FILLED,125,125,1750714909415,19.3875
NEWT,SELL,LIMIT,IOC,20,0.2602000,None,FILLED,20,20,1750714909415,5.204
FUN,BUY,LIMIT,IOC,1047,0.0105720,None,FILLED,1047,1047,1750714910279,11.068884
BR,SELL,LIMIT,IOC,10697,0.0748000,None,FILLED,168,10697,1750714927599,800.1356000000001
BID,SELL,LIMIT,IOC,11217,0.1281000,None,FILLED,478,11217,1750714928228,1436.8977
BR,BUY,LIMIT,IOC,236,0.0774100,None,FILLED,236,236,1750714933545,18.26876
BR,BUY,LIMIT,IOC,3062,0.0794300,None,FILLED,658,3062,1750714947114,243.21466
BR,BUY,LIMIT,IOC,592,0.0795700,None,FILLED,235,592,1750714948180,47.10544
SKATE,BUY,LIMIT,IOC,525,0.0402100,None,FILLED,393,525,1750714950416,21.11025
SKATE,BUY,LIMIT,IOC,3099,0.0402300,None,FILLED,3099,3099,1750714951515,124.67277
CELR,SELL,LIMIT,IOC,285001,0.00690,None,FILLED,90020,285001,1750714979431,1966.5068999999999
BANANAS31,BUY,LIMIT,IOC,5796,0.0089830,None,FILLED,5796,5796,1750714986188,52.065467999999996
BR,BUY,LIMIT,IOC,3801,0.0794000,None,FILLED,194,3801,1750714987379,301.7994
KAIA,BUY,LIMIT,IOC,1359,0.2016000,None,FILLED,1359,1359,1750714987379,273.9744
WCT,SELL,LIMIT,IOC,277,0.3178000,None,FILLED,277,277,1750714987379,88.0306
MYX,BUY,LIMIT,IOC,2277,0.0902800,None,FILLED,89,2277,1750714987380,205.56756
SOLV,BUY,LIMIT,IOC,8278,0.0482800,None,FILLED,1207,8278,1750714987380,399.66184000000004
BANANAS31,BUY,LIMIT,IOC,21161,0.0089850,None,FILLED,13778,21161,1750714987380,190.131585
BMT,BUY,LIMIT,IOC,1577,0.1418000,None,FILLED,101,1577,1750714987380,223.61860000000001
MOVE,BUY,LIMIT,IOC,711,0.1614000,None,FILLED,244,711,1750714987380,114.7554
SKATE,BUY,LIMIT,IOC,304336,0.0413400,None,FILLED,9258,304336,1750714988141,12581.250240000001
FUN,SELL,LIMIT,IOC,19223,0.0101820,None,FILLED,1221,19223,1750714989217,195.728586
BR,BUY,LIMIT,IOC,2857,0.0797500,None,FILLED,776,2857,1750714995150,227.84575
FUN,SELL,LIMIT,IOC,184574,0.0101660,None,FILLED,67664,184574,1750714995430,1876.3792839999999
BR,BUY,LIMIT,IOC,2632,0.0800200,None,FILLED,215,2632,1750714996284,210.61263999999997
BANK,BUY,LIMIT,IOC,251,0.0531950,None,FILLED,251,251,1750714999345,13.351945
HIPPO,SELL,LIMIT,IOC,48098,0.0017480,None,FILLED,27740,48098,1750715003332,84.075304
SKATE,BUY,LIMIT,IOC,6555,0.0413200,None,FILLED,5294,6555,1750715006303,270.8526
SKATE,BUY,LIMIT,IOC,1139,0.0414000,None,FILLED,1139,1139,1750715007438,47.1546
SKATE,BUY,LIMIT,IOC,1221,0.0415200,None,FILLED,1221,1221,1750715010227,50.69592
FUN,SELL,LIMIT,IOC,286417,0.0101240,None,FILLED,21632,286417,1750715010252,2899.685708
BR,BUY,LIMIT,IOC,1655,0.0796200,None,FILLED,805,1655,1750715011131,131.7711
BR,SELL,LIMIT,IOC,63723,0.0769400,None,FILLED,5,63723,1750715022475,4902.84762
BANK,BUY,LIMIT,IOC,243,0.0532430,None,FILLED,243,243,1750715026185,12.938049
BANANAS31,BUY,LIMIT,IOC,1363,0.0090120,None,FILLED,1363,1363,1750715026185,12.283356
SKATE,BUY,LIMIT,IOC,6070,0.0417600,None,FILLED,346,6070,1750715035127,253.48319999999998
TRB,SELL,LIMIT,IOC,1.4,36.910,None,FILLED,1.0,1.4,1750715036311,51.67399999999999
SKATE,BUY,LIMIT,IOC,175,0.0417800,None,FILLED,175,175,1750715036417,7.3115
SKATE,BUY,LIMIT,IOC,200422,0.0419600,None,FILLED,1000,200422,1750715038526,8409.70712
SKATE,BUY,LIMIT,IOC,981,0.0419000,None,FILLED,223,981,1750715039606,41.1039
HIFI,BUY,LIMIT,IOC,65,0.0802000,None,FILLED,65,65,1750715040296,5.212999999999999
BR,SELL,LIMIT,IOC,2746,0.0764400,None,FILLED,439,2746,1750715041424,209.90424
SKATE,BUY,LIMIT,IOC,25050,0.0422600,None,FILLED,22366,25050,1750715048182,1058.613
SKATE,BUY,LIMIT,IOC,37956,0.0423500,None,FILLED,31871,37956,1750715049339,1607.4366
LAYER,BUY,LIMIT,IOC,8.8,0.746700,None,FILLED,8.8,8.8,1750715052413,6.57096
SKATE,BUY,LIMIT,IOC,11691,0.0427600,None,FILLED,120,11691,1750715056189,499.90716
RESOLV,BUY,LIMIT,IOC,2105,0.2202000,None,FILLED,132,2105,1750715056233,463.521
1000PEPE,BUY,LIMIT,IOC,31229,0.0095546,None,FILLED,5459,31229,1750715056233,298.3806034
DOGE,BUY,LIMIT,IOC,1505,0.159300,None,FILLED,823,1505,1750715056233,239.7465
MEME,SELL,LIMIT,IOC,173161,0.0014370,None,FILLED,173161,173161,1750715056233,248.83235699999997
MYX,BUY,LIMIT,IOC,2761,0.0902900,None,FILLED,685,2761,1750715056233,249.29068999999998
1000SHIB,SELL,LIMIT,IOC,25320,0.011201,None,FILLED,25320,25320,1750715056233,283.60931999999997
SKATE,BUY,LIMIT,IOC,269,0.0427800,None,FILLED,269,269,1750715057278,11.507819999999999
XCN,SELL,LIMIT,IOC,8586,0.0136600,None,FILLED,2360,8586,1750715064293,117.28476
BR,SELL,LIMIT,IOC,1682,0.0760500,None,FILLED,1682,1682,1750715072210,127.91610000000001
TRUMP,SELL,LIMIT,IOC,390.19,8.879000,None,FILLED,370.29,390.19,1750715080393,3464.4970099999996
BANANAS31,SELL,LIMIT,IOC,52759,0.0088130,None,FILLED,9479,52759,1750715084481,464.965067
MYX,BUY,LIMIT,IOC,15010,0.0905800,None,FILLED,2275,15010,1750715085126,1359.6057999999998
MYX,BUY,LIMIT,IOC,6521,0.0905900,None,FILLED,115,6521,1750715086539,590.73739
AERGO,SELL,LIMIT,IOC,186,0.1320193,None,FILLED,186,186,1750715087862,24.5555898
BR,SELL,LIMIT,IOC,20584,0.0757900,None,FILLED,1606,20584,1750715090478,1560.06136
SOL,BUY,LIMIT,IOC,1.41,141.7900,None,FILLED,0.97,1.41,1750715095267,199.92389999999997
SKATE,SELL,LIMIT,IOC,2089,0.0407400,None,FILLED,121,2089,1750715097715,85.10585999999999
FUN,SELL,LIMIT,IOC,9024,0.0100750,None,FILLED,9024,9024,1750715106167,90.91680000000001
FUN,SELL,LIMIT,IOC,6741,0.0100580,None,FILLED,5074,6741,1750715108263,67.800978
FUN,SELL,LIMIT,IOC,546,0.0100440,None,FILLED,546,546,1750715112070,5.484024000000001
BR,BUY,LIMIT,IOC,8629,0.0791300,None,FILLED,8629,8629,1750715113640,682.81277
LAYER,BUY,LIMIT,IOC,484.3,0.748200,None,FILLED,280.6,484.3,1750715114602,362.35326
SOL,BUY,LIMIT,IOC,1.46,141.9000,None,FILLED,1.46,1.46,1750715119355,207.174
SOLUSDC,BUY,LIMIT,IOC,44.68,141.9600,None,FILLED,22.60,44.68,1750715120463,6342.772800000001
BR,BUY,LIMIT,IOC,302,0.0796800,None,FILLED,302,302,1750715127118,24.06336
TRU,BUY,LIMIT,IOC,351,0.0288600,None,FILLED,351,351,1750715135292,10.12986
FUN,SELL,LIMIT,IOC,48379,0.0100190,None,FILLED,6498,48379,1750715146087,484.709201
SOL,BUY,LIMIT,IOC,0.56,141.9900,None,FILLED,0.56,0.56,1750715146404,79.51440000000001
SOL,BUY,LIMIT,IOC,8.39,142.0100,None,FILLED,8.39,8.39,1750715147573,1191.4639
BID,BUY,LIMIT,IOC,44,0.1325700,None,FILLED,44,44,1750715151165,5.83308
SUI,BUY,LIMIT,IOC,48.2,2.723200,None,FILLED,48.2,48.2,1750715154342,131.25824
LAYER,BUY,LIMIT,IOC,3029.8,0.749600,None,FILLED,1195.4,3029.8,1750715155116,2271.13808
ALGO,BUY,LIMIT,IOC,4073.3,0.1740,None,FILLED,1991.4,4073.3,1750715164539,708.7542
RESOLV,BUY,LIMIT,IOC,12914,0.2209300,None,FILLED,2897,12914,1750715165443,2853.0900199999996
SOLUSDC,BUY,LIMIT,IOC,0.07,142.1400,None,FILLED,0.07,0.07,1750715185453,9.9498
SOL,BUY,LIMIT,IOC,74.54,142.1200,None,FILLED,5.95,74.54,1750715187313,10593.624800000001
SOLUSDC,BUY,LIMIT,IOC,4.26,142.1800,None,FILLED,4.26,4.26,1750715192242,605.6868
BR,SELL,LIMIT,IOC,837,0.0764500,None,FILLED,330,837,1750715197065,63.98865000000001
KOMA,BUY,LIMIT,IOC,13211,0.0176651,None,FILLED,1679,13211,1750715199887,233.3736361
LQTY,SELL,LIMIT,IOC,15.0,1.328100,None,FILLED,15.0,15.0,1750715204499,19.9215
LQTY,SELL,LIMIT,IOC,14.2,1.319300,None,FILLED,14.2,14.2,1750715209499,18.73406
LINK,SELL,LIMIT,IOC,81.61,12.306,None,FILLED,78.73,81.61,1750715209589,1004.29266
1000RATS,BUY,LIMIT,IOC,446,0.0224100,None,FILLED,446,446,1750715221181,9.99486
ZKJ,BUY,LIMIT,IOC,11412.2,0.258200,None,FILLED,5691.2,11412.2,1750715227176,2946.63004
DOGE,SELL,LIMIT,IOC,600,0.157520,None,FILLED,600,600,1750715227591,94.512
MAGIC,SELL,LIMIT,IOC,1921.8,0.140800,None,FILLED,1921.8,1921.8,1750715227591,270.58944
BR,BUY,LIMIT,IOC,92476,0.0804300,None,FILLED,1876,92476,1750715234103,7437.84468
SEI,BUY,LIMIT,IOC,1115,0.2307000,None,FILLED,1115,1115,1750715234103,257.2305
LQTY,SELL,LIMIT,IOC,13.8,1.311900,None,FILLED,8.8,13.8,1750715249075,18.10422
PERP,SELL,LIMIT,IOC,30.7,0.205700,None,FILLED,30.7,30.7,1750715249075,6.31499
MKR,SELL,LIMIT,IOC,0.015,1967.70,None,FILLED,0.012,0.015,1750715249563,29.5155
BR,BUY,LIMIT,IOC,194,0.0804100,None,FILLED,194,194,1750715267260,15.59954
LQTY,SELL,LIMIT,IOC,44.3,1.308600,None,FILLED,39.2,44.3,1750715270094,57.97098
KAIA,BUY,LIMIT,IOC,8421,0.2026000,None,FILLED,660,8421,1750715279216,1706.0946000000001
KAIA,BUY,LIMIT,IOC,215,0.2027000,None,FILLED,215,215,1750715281446,43.5805
LQTY,SELL,LIMIT,IOC,43.1,1.300700,None,FILLED,43.1,43.1,1750715294066,56.06017
VIRTUAL,BUY,LIMIT,IOC,20.9,1.6107000,None,FILLED,20.9,20.9,1750715295384,33.66363
FORM,BUY,LIMIT,IOC,100.7,2.686500,None,FILLED,8.1,100.7,1750715298093,270.53055
TUT,BUY,LIMIT,IOC,150,0.0465200,None,FILLED,150,150,1750715301364,6.978
SOL,BUY,LIMIT,IOC,0.39,142.3100,None,FILLED,0.39,0.39,1750715305095,55.5009
KAIA,BUY,LIMIT,IOC,545,0.2027000,None,FILLED,75,545,1750715306076,110.47149999999999
SOL,BUY,LIMIT,IOC,0.06,142.3100,None,FILLED,0.06,0.06,1750715306446,8.5386
1000000BOB,SELL,LIMIT,IOC,200,0.0370300,None,FILLED,200,200,1750715311516,7.406
POPCAT,BUY,LIMIT,IOC,808,0.2811000,None,FILLED,652,808,1750715316573,227.1288
KNC,SELL,LIMIT,IOC,346,0.29348,None,FILLED,346,346,1750715319108,101.54408000000001
SOL,BUY,LIMIT,IOC,0.36,142.3700,None,FILLED,0.36,0.36,1750715319226,51.2532
SOL,BUY,LIMIT,IOC,17.71,142.3800,None,FILLED,6.30,17.71,1750715320240,2521.5498000000002
BR,BUY,LIMIT,IOC,4940,0.0801600,None,FILLED,817,4940,1750715321092,395.99039999999997
NEIRO,BUY,LIMIT,IOC,4625271,0.00036840,None,FILLED,982056,4625271,1750715322545,1703.9498364
HIPPO,BUY,LIMIT,IOC,147788,0.0018190,None,FILLED,54858,147788,1750715325117,268.826372
SKATE,SELL,LIMIT,IOC,469,0.0397500,None,FILLED,469,469,1750715343084,18.64275
1000000BOB,SELL,LIMIT,IOC,26336,0.0369200,None,FILLED,98,26336,1750715343096,972.3251200000001
SKATE,SELL,LIMIT,IOC,49006,0.0396500,None,FILLED,1708,49006,1750715351314,1943.0879
TUT,BUY,LIMIT,IOC,2357,0.0465600,None,FILLED,343,2357,1750715354101,109.74192
BR,SELL,LIMIT,IOC,253,0.0770700,None,FILLED,210,253,1750715358446,19.49871
BR,SELL,LIMIT,IOC,15432,0.0769400,None,FILLED,15432,15432,1750715366461,1187.33808
ZKJ,BUY,LIMIT,IOC,234.6,0.259500,None,FILLED,24.9,234.6,1750715369135,60.8787
FUN,BUY,LIMIT,IOC,3976,0.0103810,None,FILLED,3976,3976,1750715369135,41.274856
PNUT,BUY,LIMIT,IOC,4966,0.2126900,None,FILLED,2412,4966,1750715369142,1056.2185399999998
YFI,SELL,LIMIT,IOC,0.542,4889.0,None,FILLED,0.044,0.542,1750715372270,2649.838
LQTY,SELL,LIMIT,IOC,239.1,1.299500,None,FILLED,89.9,239.1,1750715372320,310.71045000000004
BID,SELL,LIMIT,IOC,63,0.1274865,None,FILLED,63,63,1750715395197,8.0316495
PAXG,BUY,LIMIT,IOC,1.281,3433.2500,None,FILLED,0.247,1.281,1750715396877,4397.9932499999995
AERGO,BUY,LIMIT,IOC,9245,0.1367500,None,FILLED,2289,9245,1750715401167,1264.25375
SPX,SELL,LIMIT,IOC,63,1.1507000,None,FILLED,49,63,1750715408602,72.4941
DOT,SELL,LIMIT,IOC,40.5,3.287,None,FILLED,34.8,40.5,1750715412345,133.1235
BR,BUY,LIMIT,IOC,69,0.0790700,None,FILLED,69,69,1750715431098,5.45583
AERGO,BUY,LIMIT,IOC,1118,0.1372500,None,FILLED,912,1118,1750715438143,153.4455
LAYER,BUY,LIMIT,IOC,4509.9,0.748100,None,FILLED,1110.9,4509.9,1750715449263,3373.8561899999995
FUN,BUY,LIMIT,IOC,21280,0.0104027,None,FILLED,1493,21280,1750715459865,221.369456
BR,BUY,LIMIT,IOC,1363,0.0794000,None,FILLED,1363,1363,1750715464460,108.2222
LQTY,SELL,LIMIT,IOC,153.2,1.293400,None,FILLED,58.0,153.2,1750715468258,198.14888
SPK,SELL,LIMIT,IOC,339,0.0487377,None,FILLED,339,339,1750715480809,16.5220803
TUT,BUY,LIMIT,IOC,299,0.0465700,None,FILLED,299,299,1750715488447,13.924430000000001
TUT,BUY,LIMIT,IOC,639,0.0467200,None,FILLED,639,639,1750715491059,29.85408
RESOLV,SELL,LIMIT,IOC,23646,0.2138100,None,FILLED,1377,23646,1750715492054,5055.75126
TUT,BUY,LIMIT,IOC,47661,0.0468000,None,FILLED,1097,47661,1750715497086,2230.5348
TUT,BUY,LIMIT,IOC,25540,0.0468100,None,FILLED,389,25540,1750715498194,1195.5274
TUT,BUY,LIMIT,IOC,7237,0.0468500,None,FILLED,7237,7237,1750715502068,339.05345
BR,BUY,LIMIT,IOC,945,0.0797200,None,FILLED,317,945,1750715502563,75.33539999999999
TUT,BUY,LIMIT,IOC,500,0.0468700,None,FILLED,500,500,1750715509347,23.435000000000002
TUT,BUY,LIMIT,IOC,1445,0.0469000,None,FILLED,1445,1445,1750715524212,67.7705
BR,BUY,LIMIT,IOC,493,0.0802300,None,FILLED,493,493,1750715528048,39.55339
TUT,BUY,LIMIT,IOC,278,0.0469200,None,FILLED,278,278,1750715528090,13.04376
ETH,SELL,LIMIT,IOC,0.005,2331.54,None,FILLED,0.005,0.005,1750715528227,11.6577
TUT,BUY,LIMIT,IOC,297,0.0469800,None,FILLED,297,297,1750715529154,13.95306
BR,BUY,LIMIT,IOC,4621,0.0805200,None,FILLED,4323,4621,1750715530457,372.08292
TUT,BUY,LIMIT,IOC,5687,0.0470100,None,FILLED,1397,5687,1750715530645,267.34587
BR,BUY,LIMIT,IOC,2152,0.0807400,None,FILLED,2152,2152,1750715531480,173.75248000000002
TUT,BUY,LIMIT,IOC,21915,0.0471100,None,FILLED,1621,21915,1750715532345,1032.41565
BID,BUY,LIMIT,IOC,568,0.1322600,None,FILLED,467,568,1750715532355,75.12368
BR,BUY,LIMIT,IOC,5324,0.0815500,None,FILLED,1559,5324,1750715532585,434.1722
VVV,BUY,LIMIT,IOC,1933.05,2.776000,None,FILLED,41.51,1933.05,1750715533130,5366.1467999999995
TUT,BUY,LIMIT,IOC,2763,0.0472000,None,FILLED,627,2763,1750715533370,130.4136
TUT,BUY,LIMIT,IOC,295,0.0474000,None,FILLED,295,295,1750715535090,13.982999999999999
BTC,SELL,LIMIT,IOC,0.006,103185.50,None,FILLED,0.006,0.006,1750715535517,619.113
BR,BUY,LIMIT,IOC,175,0.0806500,None,FILLED,175,175,1750715540293,14.11375
1000000MOG,BUY,LIMIT,IOC,24.7,0.8900000,None,FILLED,24.7,24.7,1750715552071,21.983
TWT,BUY,LIMIT,IOC,686,0.715400,None,FILLED,243,686,1750715573339,490.7644
RESOLV,SELL,LIMIT,IOC,1325,0.2135000,None,FILLED,294,1325,1750715574184,282.8875
ETH,SELL,LIMIT,IOC,0.733,2328.79,None,FILLED,0.733,0.733,1750715580115,1707.00307
ETH,SELL,LIMIT,IOC,0.042,2328.46,None,FILLED,0.042,0.042,1750715582144,97.79532
BTC,SELL,LIMIT,IOC,0.001,103169.80,None,FILLED,0.001,0.001,1750715585145,103.16980000000001
ETH,SELL,LIMIT,IOC,0.009,2327.68,None,FILLED,0.009,0.009,1750715585196,20.949119999999997
ETHUSDC,SELL,LIMIT,IOC,0.055,2328.43,None,FILLED,0.055,0.055,1750715585537,128.06365
SYRUP,SELL,LIMIT,IOC,1048,0.4653600,None,FILLED,394,1048,1750715589330,487.69728
AVAX,SELL,LIMIT,IOC,200,17.2920,None,FILLED,148,200,1750715597358,3458.4000000000005
ETH,SELL,LIMIT,IOC,2.330,2327.55,None,FILLED,2.330,2.330,1750715599053,5423.191500000001
OM,SELL,LIMIT,IOC,1632.1,0.2125900,None,FILLED,37.2,1632.1,1750715599506,346.968139
ETH,SELL,LIMIT,IOC,0.300,2327.48,None,FILLED,0.300,0.300,1750715600274,698.244
ETH,SELL,LIMIT,IOC,0.085,2326.97,None,FILLED,0.085,0.085,1750715601446,197.79245
ETH,SELL,LIMIT,IOC,0.083,2326.91,None,FILLED,0.083,0.083,1750715603514,193.13353
ETH,SELL,LIMIT,IOC,10.708,2326.82,None,FILLED,1.615,10.708,1750715605513,24915.588560000004
ENA,SELL,LIMIT,IOC,919,0.2512000,None,FILLED,513,919,1750715607158,230.85279999999997
OM,SELL,LIMIT,IOC,15268.5,0.2125200,None,FILLED,4267.6,15268.5,1750715607158,3244.8616199999997
OM,SELL,LIMIT,IOC,696.9,0.2122700,None,FILLED,398.3,696.9,1750715609191,147.930963
FUN,SELL,LIMIT,IOC,51236,0.0100640,None,FILLED,29005,51236,1750715614204,515.639104
FUN,SELL,LIMIT,IOC,53261,0.0100270,None,FILLED,9905,53261,1750715619361,534.048047
AAVE,SELL,LIMIT,IOC,0.2,244.100,None,FILLED,0.2,0.2,1750715629255,48.82
FUN,SELL,LIMIT,IOC,43010,0.0100190,None,FILLED,32189,43010,1750715629282,430.91719
FUN,SELL,LIMIT,IOC,105438,0.0100130,None,FILLED,21408,105438,1750715632520,1055.7506939999998
ZKJ,SELL,LIMIT,IOC,89.3,0.248400,None,FILLED,89.3,89.3,1750715634060,22.18212
SWELL,SELL,LIMIT,IOC,1845,0.0088200,None,FILLED,1845,1845,1750715634140,16.2729
ETH_250627,SELL,LIMIT,IOC,0.003,2314.68,None,FILLED,0.003,0.003,1750715637577,6.944039999999999
FUN,SELL,LIMIT,IOC,358365,0.0099980,None,FILLED,23027,358365,1750715649140,3582.93327
MERL,BUY,LIMIT,IOC,2671,0.0817400,None,FILLED,1035,2671,1750715653081,218.32753999999997
ETH,SELL,LIMIT,IOC,13.970,2325.76,None,FILLED,0.498,13.970,1750715654058,32490.867200000004
BTCUSDC,SELL,LIMIT,IOC,0.027,103259.3,None,FILLED,0.027,0.027,1750715654348,2788.0011
TRB,SELL,LIMIT,IOC,14.1,36.783,None,FILLED,1.4,14.1,1750715654413,518.6403
ETH,SELL,LIMIT,IOC,1.279,2325.51,None,FILLED,1.279,1.279,1750715655504,2974.32729
ZKJ,SELL,LIMIT,IOC,4816.7,0.248200,None,FILLED,395.5,4816.7,1750715658267,1195.50494
HIFI,BUY,LIMIT,IOC,806,0.0811000,None,FILLED,806,806,1750715661330,65.3666
SWELL,BUY,LIMIT,IOC,5553,0.0091600,None,FILLED,5553,5553,1750715718354,50.86548
HIFI,BUY,LIMIT,IOC,10260,0.0817000,None,FILLED,571,10260,1750715749055,838.242
MKR,SELL,LIMIT,IOC,20.371,1950.10,None,FILLED,0.234,20.371,1750715758423,39725.4871
SPX,SELL,LIMIT,IOC,656,1.1468000,None,FILLED,8,656,1750715760124,752.3008
MKR,SELL,LIMIT,IOC,0.124,1960.30,None,FILLED,0.124,0.124,1750715760146,243.0772
SPK,SELL,LIMIT,IOC,1106,0.0486900,None,FILLED,1106,1106,1750715787216,53.851139999999994
BR,SELL,LIMIT,IOC,103,0.0779100,None,FILLED,103,103,1750715795339,8.02473
